Workbook

Sheet Daten
A1: Turniername | D1: Saison | E1: Bowlinganlage | F1: Bahnwechsel | G1: Importmöglichkeiten | H1: Registerfarben | I1: Ja/Nein | J1: Gruppe
A2: BM Jugend Einzel | B2: 2023 | C2: 2024 | D2: =CONCAT(B2,"/",C2) -> #N/A | E2: Bad Tölz Flint Bowling | F2: ganze Doppelbahn wechselt nach rechts | G2: Keine | H2: AH | I2: Ja | J2: Jugend A-männlich
A3: BM Jugend Doppel | B3: =B2+1 -> 2024 | C3: =C2+1 -> 2025 | D3: =CONCAT(B3,"/",C3) -> #N/A | E3: Bamberg Bowlinghaus | F3: Linke Bahne wechselt nach links, rechte Bahn wechselt nach rechts | G3: DPB | H3: Funktionär | I3: Nein | J3: Jugend A-weiblich
A4: BM Jugend Trio | B4: =B3+1 -> 2025 | C4: =C3+1 -> 2026 | D4: =CONCAT(B4,"/",C4) -> #N/A | E4: Bayreuth Blu Bowl | G4: Max Munich | H4: Funktionär/Auswerter | J4: Jugend B-männlich
A5: BM Jugend Masters | B5: =B4+1 -> 2026 | C5: =C4+1 -> 2027 | D5: =CONCAT(B5,"/",C5) -> #N/A | E5: Brunnthal Max Munich | H5: Eingabe Auswerter | J5: Jugend B-weiblich
A6: BM Jugend All Event | B6: =B5+1 -> 2027 | C6: =C5+1 -> 2028 | D6: =CONCAT(B6,"/",C6) -> #N/A | E6: Dettelbach Extreme Bowlingarena | H6: Ausgabe Ergebnisse | J6: Jugend C-männlich
A7: BM Herren Einzel | B7: =B6+1 -> 2028 | C7: =C6+1 -> 2029 | D7: =CONCAT(B7,"/",C7) -> #N/A | E7: Friedrichshafen Seaside | H7: Berechnungstabellen | J7: Jugend C-weiblich
A8: BM Herren Doppel | B8: =B7+1 -> 2029 | C8: =C7+1 -> 2030 | D8: =CONCAT(B8,"/",C8) -> #N/A | E8: Garmisch Zugspitzbowling | J8: Männer
A9: BM Damen Einzel | B9: =B8+1 -> 2030 | C9: =C8+1 -> 2031 | D9: =CONCAT(B9,"/",C9) -> #N/A | E9: Ingolstadt Cosmos Bowling Arena | J9: Frauen
A10: BM Damen Doppel | B10: =B9+1 -> 2031 | C10: =C9+1 -> 2032 | D10: =CONCAT(B10,"/",C10) -> #N/A | E10: Kempten Big Bowl | J10: Junioren
A11: BM Senioren Einzel | B11: =B10+1 -> 2032 | C11: =C10+1 -> 2033 | D11: =CONCAT(B11,"/",C11) -> #N/A | E11: Landshut LA-Bowling | J11: Juniorinnen
A12: BM Senioren Doppel | B12: =B11+1 -> 2033 | C12: =C11+1 -> 2034 | D12: =CONCAT(B12,"/",C12) -> #N/A | E12: München Hollywood Super Bowling | J12: Senioren A
A13: BM Senioren Trio | B13: =B12+1 -> 2034 | C13: =C12+1 -> 2035 | D13: =CONCAT(B13,"/",C13) -> #N/A | E13: München Isar Bowling | J13: Senioren B
A14: BM Versehrte Einzel | B14: =B13+1 -> 2035 | C14: =C13+1 -> 2036 | D14: =CONCAT(B14,"/",C14) -> #N/A | E14: Nürnberg West Bowl | J14: Senioren C
A15: BM Versehrte Doppel | B15: =B14+1 -> 2036 | C15: =C14+1 -> 2037 | D15: =CONCAT(B15,"/",C15) -> #N/A | E15: Olching 5005 Bowling | J15: Seniorinnen A
A16: BM Versehrte Trio | B16: =B15+1 -> 2037 | C16: =C15+1 -> 2038 | D16: =CONCAT(B16,"/",C16) -> #N/A | E16: Pfaffenhofen Hollywood Super Bowling | J16: Seniorinnen B
A17: BM Mixed Doppel | B17: =B16+1 -> 2038 | C17: =C16+1 -> 2039 | D17: =CONCAT(B17,"/",C17) -> #N/A | E17: Regensburg Super Bowl | J17: Seniorinnen C
A18: BM Junioren Einzel | B18: =B17+1 -> 2039 | C18: =C17+1 -> 2040 | D18: =CONCAT(B18,"/",C18) -> #N/A | E18: Rosenheim In(n) Bowling | J18: Versehrte H1
A19: BM Junioren Doppel | B19: =B18+1 -> 2040 | C19: =C18+1 -> 2041 | D19: =CONCAT(B19,"/",C19) -> #N/A | E19: Rottendorf Bowling-Center | J19: Versehrte DA
... A21: Nordbayerische Herren | B21: =B20+1 -> 2042 | C21: =C20+1 -> 2043 | D21: =CONCAT(B21,"/",C21) -> #N/A | E21: Schweinfurt Extreme Bowlingarena | J21: Seniorinnen B/C
B22: =B21+1 -> 2043 | C22: =C21+1 -> 2044 | D22: =CONCAT(B22,"/",C22) -> #N/A | E22: Unterföhring Dreambowl Palace
B23: =B22+1 -> 2044 | C23: =C22+1 -> 2045 | D23: =CONCAT(B23,"/",C23) -> #N/A | E23: Würzburg Midnight Bowling
B24: =B23+1 -> 2045 | C24: =C23+1 -> 2046 | D24: =CONCAT(B24,"/",C24) -> #N/A
B25: =B24+1 -> 2046 | C25: =C24+1 -> 2047 | D25: =CONCAT(B25,"/",C25) -> #N/A
B26: =B25+1 -> 2047 | C26: =C25+1 -> 2048 | D26: =CONCAT(B26,"/",C26) -> #N/A
B27: =B26+1 -> 2048 | C27: =C26+1 -> 2049 | D27: =CONCAT(B27,"/",C27) -> #N/A
B28: =B27+1 -> 2049 | C28: =C27+1 -> 2050 | D28: =CONCAT(B28,"/",C28) -> #N/A
B29: =B28+1 -> 2050 | C29: =C28+1 -> 2051 | D29: =CONCAT(B29,"/",C29) -> #N/A
B30: =B29+1 -> 2051 | C30: =C29+1 -> 2052 | D30: =CONCAT(B30,"/",C30) -> #N/A
B31: =B30+1 -> 2052 | C31: =C30+1 -> 2053 | D31: =CONCAT(B31,"/",C31) -> #N/A
B32: =B31+1 -> 2053 | C32: =C31+1 -> 2054 | D32: =CONCAT(B32,"/",C32) -> #N/A
B33: =B32+1 -> 2054 | C33: =C32+1 -> 2055 | D33: =CONCAT(B33,"/",C33) -> #N/A
B34: =B33+1 -> 2055 | C34: =C33+1 -> 2056 | D34: =CONCAT(B34,"/",C34) -> #N/A
B35: =B34+1 -> 2056 | C35: =C34+1 -> 2057 | D35: =CONCAT(B35,"/",C35) -> #N/A
... B50: =B49+1 -> 2071 | C50: =C49+1 -> 2072 | D50: =CONCAT(B50,"/",C50) -> #N/A

Sheet Mitglieder BBU
A1: EDV | B1: Passnummer | C1: Anrede | D1: Vorname | E1: Nachname | F1: Name | G1: Verein | H1: Club | I1: Ranglistenkarte | J1: AK | K1: Beitrag
A2: 7981 | B2: 125194 | C2: Frau | D2: Anita | E2: Baur | F2: Anita Baur | G2: 1. BSV Ulm/Neu-Ulm | H2: BC Murmels Neu-Ulm | I2: X | J2: Seniorinnen B | K2: Erwachsener
A3: 16024 | B3: 125183 | C3: Herr | D3: Timo | E3: Baumann | F3: Timo Baumann | G3: 1. BSV Ulm/Neu-Ulm | H3: BC Neu-Ulmer Falken | I3: X | J3: Männer | K3: Erwachsener
A4: 16051 | B4: 148840 | C4: Herr | D4: Daniel | E4: Baumann | F4: Daniel Baumann | G4: 1. BSV Ulm/Neu-Ulm | H4: BC Neu-Ulmer Falken | I4: X | J4: Männer | K4: Erwachsener
A5: 7245 | B5: 136420 | C5: Herr | D5: Bernd | E5: Bauhofer | F5: Bernd Bauhofer | G5: BSV Berchtesgaden e.V. | H5: BC Berchtesgaden | I5: X | J5: Senioren C | K5: Erwachsener
A6: 16861 | B6: 16489 | C6: Herr | D6: Simon | E6: Bauer | F6: Simon Bauer | G6: Rottendorfer BV 1984 e.V. | H6: SG-Rottendorf | I6: X | J6: Männer | K6: Erwachsener
A7: 16860 | B7: 16486 | C7: Herr | D7: Rudi | E7: Bauer | F7: Rudi Bauer | G7: Rottendorfer BV 1984 e.V. | H7: SG-Rottendorf | I7: X | J7: Senioren B | K7: Erwachsener
A8: 16096 | B8: 109358 | C8: Herr | D8: Kurt | E8: Bauer | F8: Kurt Bauer | G8: Würzburger BV 1992 e.V. | H8: SW 77 Würzburg | I8: X | J8: Senioren C | K8: Erwachsener
A9: 7886 | B9: 112186 | C9: Herr | D9: Patrick | E9: Baszler | F9: Patrick Baszler | G9: Münchner Keglerverein e. V. | H9: BK München | I9: X | J9: Männer | K9: Erwachsener
A10: 38774 | B10: 158005 | C10: Herr | D10: Marcel | E10: Bassler | F10: Marcel Bassler | G10: BSC Lauf e.V. | H10: Team Räumkommando Lauf | I10: X | J10: Männer | K10: Erwachsener
A11: 25692 | B11: 87303 | C11: Herr | D11: Phuoc | E11: Barwig-Luu | F11: Phuoc Barwig-Luu | G11: BSC Lauf e.V. | H11: Team Räumkommando Lauf | I11: X | J11: Senioren A | K11: Erwachsener
A12: 16085 | B12: 112598 | C12: Herr | D12: Dieter | E12: Barthelmes | F12: Dieter Barthelmes | G12: 1. FC 45 Geldersheim | H12: Strikers Geldersheim 1983 | I12: X | J12: Senioren A | K12: Erwachsener
A13: 7907 | B13: 112054 | C13: Herr | D13: Theo | E13: Barthel | F13: Theo Barthel | G13: BV Schweinfurt 1974 e.V. | H13: BSC Schweinfurt-Ettleben | I13: X | J13: Senioren B | K13: Erwachsener
A14: 25344 | B14: 52752 | C14: Frau | D14: Manuela | E14: Balog | F14: Manuela Balog | G14: Münchner Keglerverein e. V. | H14: BC Bajuwaren | I14: X | J14: Frauen | K14: Erwachsener
A15: 25786 | B15: 99322 | C15: Herr | D15: Rene | E15: Baldauf | F15: Rene Baldauf | G15: Münchner Keglerverein e. V. | H15: 1. BSC Active Bowler Brunnthal | I15: X | J15: Männer | K15: Erwachsener
A16: 38837 | B16: 159623 | C16: Frau | D16: Argyro | E16: Bakogianni | F16: Argyro Bakogianni | G16: Münchner Keglerverein e. V. | H16: 1. BSC Active Bowler Brunnthal | I16: X | J16: Seniorinnen B | K16: Erwachsener
... A1052: 7330 | B1052: 111176 | C1052: Herr | D1052: Fritz | E1052: Wittmann | F1052: Fritz Wittmann | G1052: 1. BV 1984 Pfaffenhofen e.V. | H1052: BSC Pfaffenhofen | I1052: X | J1052: Senioren C | K1052: Erwachsener
A1055: 38934 | C1055: Frau | D1055: Denise | E1055: Schwertfeger | F1055: Denise Schwertfeger | G1055: Rottendorfer BV 1984 e.V. | H1055: SG-Rottendorf
A1056: 46018 | C1056: Herr | D1056: Axland | E1056: Magnus | F1056: Magnus Axland | G1056: Münchner Keglerverein e. V. | H1056: Einzelmitglied
A1057: 38314 | C1057: Herr | D1057: Markus | E1057: Hanauer | F1057: Markus Hanauer | G1057: 1. BC Bad Tölz 78 e.V. | H1057: Absolut Sports.com

Sheet Spieler
E1: Senioren A
G3: geworfene Pins | L3: HILOW | O3: Anzahl Spiele | T3: Schnitt | Y3: Teamplatzierung Berechnung | AE3: Schnittplatzierung Berechnung
G4: SP 1 | K4: Team | L4: Hilow 1 | M4: Hilow 2 | N4: Hilow 3 | O4: SP 1 | P4: Sp 2 | Q4: Sp 3 | R4: Sp 4 | S4: Team | T4: Sp 1 | U4: Sp 2 | V4: Sp 3 | W4: Sp 4 | X4: Team | Y4: Teamnr. | Z4: Sonderrechnung | AB4: Platz: | AC4: Sortierung Groß nach Klein | AD4: TeamNr. Platzierung | AE4: TeamNr | AG4: Platz | AH4: Sortierung Groß n. Klein | AI4: TeamNr.
A5: Teamnr. | B5: Spieler 1 | C5: Name Spieler 1 | D5: Name Spieler 3 | E5: Name Spieler 4
A6: 1 | B6: 7709 | C6: =IF(B6="","",VLOOKUP(B6,'Mitglieder BBU'!A:N,6,0)) -> Else Schuster | D6: =IF(#REF!="","",VLOOKUP(#REF!,'Mitglieder BBU'!A:N,6,0)) -> #REF! | E6: =IF(#REF!="","",VLOOKUP(#REF!,'Mitglieder BBU'!A:N,6,0)) -> #REF! | G6: =IFNA(VLOOKUP(B6,Datensammler!$B:$AA,24,0),"") -> 1858 | K6: =SUM(G6:J6) -> 1858 | L6: =IFERROR('HI-LOW Berechnung'!AS5,0) -> 68 | M6: =IFERROR('HI-LOW Berechnung'!AY5,0) -> 60 | N6: =IFERROR('HI-LOW Berechnung'!BB5,0) -> 43 | O6: =IFNA(VLOOKUP(B6,Datensammler!$B:$AA,25,0),"") -> 12 | S6: =SUM(O6:R6) -> 12 | T6: =IF(G6=0,"",G6/O6) -> 154.83333 | U6: =IF(H6=0,"",H6/P6) | V6: =IF(I6="","",I6/Q6) | W6: =IF(J6="","",J6/R6) | X6: =IF(K6=0,"",K6/S6) -> 154.83333 | Y6: 1 | Z6: =IF(K6=0,0,(900-L6)/100000+(900-M6)/100000000+(900-N6)/100000000000+Y6/100000000000) -> 0.0083284086 | AA6: =K6+Z6 -> 1858.0083 | AB6: 1 | AC6: =IFERROR(LARGE(AA:AA,Y6),"") -> 2441.0084 | AD6: =IF(AC6<>0,VLOOKUP(AC6,AA:AB,2,0),"") -> 9 | AE6: 1 | AF6: =IF(X6="","",ROUND(X6,3)+AE6/100000) -> 154.83301 | AG6: 1 | AH6: =IFERROR(LARGE(AF:AF,Y6),"") -> 203.41709 | AI6: =IF(AH6="","",VLOOKUP(AH6,AF:AG,2,0)) -> 9
A7: 2 | B7: 25347 | C7: =IF(B7="","",VLOOKUP(B7,'Mitglieder BBU'!A:N,6,0)) -> Roswitha Schulz-Burkert | D7: =IF(#REF!="","",VLOOKUP(#REF!,'Mitglieder BBU'!A:N,6,0)) -> #REF! | E7: =IF(#REF!="","",VLOOKUP(#REF!,'Mitglieder BBU'!A:N,6,0)) -> #REF! | G7: =IFNA(VLOOKUP(B7,Datensammler!$B:$AA,24,0),"") -> 1650 | K7: =SUM(G7:J7) -> 1650 | L7: =IFERROR('HI-LOW Berechnung'!AS6,0) -> 47 | M7: =IFERROR('HI-LOW Berechnung'!AY6,0) -> 33 | N7: =IFERROR('HI-LOW Berechnung'!BB6,0) -> 30 | O7: =IFNA(VLOOKUP(B7,Datensammler!$B:$AA,25,0),"") -> 12 | S7: =SUM(O7:R7) -> 12 | T7: =IF(G7=0,"",G7/O7) -> 137.5 | U7: =IF(H7=0,"",H7/P7) | V7: =IF(I7="","",I7/Q7) | W7: =IF(J7="","",J7/R7) | X7: =IF(K7=0,"",K7/S7) -> 137.5 | Y7: 2 | Z7: =IF(K7=0,0,(900-L7)/100000+(900-M7)/100000000+(900-N7)/100000000000+Y7/100000000000) -> 0.0085386787 | AA7: =K7+Z7 -> 1650.0085 | AB7: 2 | AC7: =IFERROR(LARGE(AA:AA,Y7),"") -> 2346.0081 | AD7: =IF(AC7<>0,VLOOKUP(AC7,AA:AB,2,0),"") -> 14 | AE7: 2 | AF7: =IF(X7="","",ROUND(X7,3)+AE7/100000) -> 137.50002 | AG7: 2 | AH7: =IFERROR(LARGE(AF:AF,Y7),"") -> 195.50014 | AI7: =IF(AH7="","",VLOOKUP(AH7,AF:AG,2,0)) -> 14
A8: 3 | B8: 7974 | C8: =IF(B8="","",VLOOKUP(B8,'Mitglieder BBU'!A:N,6,0)) -> Ingeborg Schmitt | D8: =IF(#REF!="","",VLOOKUP(#REF!,'Mitglieder BBU'!A:N,6,0)) -> #REF! | E8: =IF(#REF!="","",VLOOKUP(#REF!,'Mitglieder BBU'!A:N,6,0)) -> #REF! | G8: =IFNA(VLOOKUP(B8,Datensammler!$B:$AA,24,0),"") -> 1596 | K8: =SUM(G8:J8) -> 1596 | L8: =IFERROR('HI-LOW Berechnung'!AS7,0) -> 61 | M8: =IFERROR('HI-LOW Berechnung'!AY7,0) -> 43 | N8: =IFERROR('HI-LOW Berechnung'!BB7,0) -> 32 | O8: =IFNA(VLOOKUP(B8,Datensammler!$B:$AA,25,0),"") -> 12 | S8: =SUM(O8:R8) -> 12 | T8: =IF(G8=0,"",G8/O8) -> 133 | U8: =IF(H8=0,"",H8/P8) | V8: =IF(I8="","",I8/Q8) | W8: =IF(J8="","",J8/R8) | X8: =IF(K8=0,"",K8/S8) -> 133 | Y8: 3 | Z8: =IF(K8=0,0,(900-L8)/100000+(900-M8)/100000000+(900-N8)/100000000000+Y8/100000000000) -> 0.0083985787 | AA8: =K8+Z8 -> 1596.0084 | AB8: 3 | AC8: =IFERROR(LARGE(AA:AA,Y8),"") -> 2269.0079 | AD8: =IF(AC8<>0,VLOOKUP(AC8,AA:AB,2,0),"") -> 15 | AE8: 3 | AF8: =IF(X8="","",ROUND(X8,3)+AE8/100000) -> 133.00003 | AG8: 3 | AH8: =IFERROR(LARGE(AF:AF,Y8),"") -> 189.08315 | AI8: =IF(AH8="","",VLOOKUP(AH8,AF:AG,2,0)) -> 15
A9: 4 | B9: 25329 | C9: =IF(B9="","",VLOOKUP(B9,'Mitglieder BBU'!A:N,6,0)) -> Katharina Mang | D9: =IF(#REF!="","",VLOOKUP(#REF!,'Mitglieder BBU'!A:N,6,0)) -> #REF! | E9: =IF(#REF!="","",VLOOKUP(#REF!,'Mitglieder BBU'!A:N,6,0)) -> #REF! | G9: =IFNA(VLOOKUP(B9,Datensammler!$B:$AA,24,0),"") -> 1983 | K9: =SUM(G9:J9) -> 1983 | L9: =IFERROR('HI-LOW Berechnung'!AS8,0) -> 67 | M9: =IFERROR('HI-LOW Berechnung'!AY8,0) -> 37 | N9: =IFERROR('HI-LOW Berechnung'!BB8,0) -> 34 | O9: =IFNA(VLOOKUP(B9,Datensammler!$B:$AA,25,0),"") -> 12 | S9: =SUM(O9:R9) -> 12 | T9: =IF(G9=0,"",G9/O9) -> 165.25 | U9: =IF(H9=0,"",H9/P9) | V9: =IF(I9="","",I9/Q9) | W9: =IF(J9="","",J9/R9) | X9: =IF(K9=0,"",K9/S9) -> 165.25 | Y9: 4 | Z9: =IF(K9=0,0,(900-L9)/100000+(900-M9)/100000000+(900-N9)/100000000000+Y9/100000000000) -> 0.0083386387 | AA9: =K9+Z9 -> 1983.0083 | AB9: 4 | AC9: =IFERROR(LARGE(AA:AA,Y9),"") -> 2200.008 | AD9: =IF(AC9<>0,VLOOKUP(AC9,AA:AB,2,0),"") -> 18 | AE9: 4 | AF9: =IF(X9="","",ROUND(X9,3)+AE9/100000) -> 165.25004 | AG9: 4 | AH9: =IFERROR(LARGE(AF:AF,Y9),"") -> 183.33318 | AI9: =IF(AH9="","",VLOOKUP(AH9,AF:AG,2,0)) -> 18
A10: 5 | B10: 38934 | C10: =IF(B10="","",VLOOKUP(B10,'Mitglieder BBU'!A:N,6,0)) -> Denise Schwertfeger | D10: =IF(#REF!="","",VLOOKUP(#REF!,'Mitglieder BBU'!A:N,6,0)) -> #REF! | E10: =IF(#REF!="","",VLOOKUP(#REF!,'Mitglieder BBU'!A:N,6,0)) -> #REF! | G10: =IFNA(VLOOKUP(B10,Datensammler!$B:$AA,24,0),"") -> 1701 | K10: =SUM(G10:J10) -> 1701 | L10: =IFERROR('HI-LOW Berechnung'!AS9,0) -> 71 | M10: =IFERROR('HI-LOW Berechnung'!AY9,0) -> 37 | N10: =IFERROR('HI-LOW Berechnung'!BB9,0) -> 28 | O10: =IFNA(VLOOKUP(B10,Datensammler!$B:$AA,25,0),"") -> 12 | S10: =SUM(O10:R10) -> 12 | T10: =IF(G10=0,"",G10/O10) -> 141.75 | U10: =IF(H10=0,"",H10/P10) | V10: =IF(I10="","",I10/Q10) | W10: =IF(J10="","",J10/R10) | X10: =IF(K10=0,"",K10/S10) -> 141.75 | Y10: 5 | Z10: =IF(K10=0,0,(900-L10)/100000+(900-M10)/100000000+(900-N10)/100000000000+Y10/100000000000) -> 0.0082986388 | AA10: =K10+Z10 -> 1701.0083 | AB10: 5 | AC10: =IFERROR(LARGE(AA:AA,Y10),"") -> 2157.0085 | AD10: =IF(AC10<>0,VLOOKUP(AC10,AA:AB,2,0),"") -> 20 | AE10: 5 | AF10: =IF(X10="","",ROUND(X10,3)+AE10/100000) -> 141.75005 | AG10: 5 | AH10: =IFERROR(LARGE(AF:AF,Y10),"") -> 179.7502 | AI10: =IF(AH10="","",VLOOKUP(AH10,AF:AG,2,0)) -> 20
A11: 6 | B11: 16595 | C11: =IF(B11="","",VLOOKUP(B11,'Mitglieder BBU'!A:N,6,0)) -> Nicole Schott | D11: =IF(#REF!="","",VLOOKUP(#REF!,'Mitglieder BBU'!A:N,6,0)) -> #REF! | E11: =IF(#REF!="","",VLOOKUP(#REF!,'Mitglieder BBU'!A:N,6,0)) -> #REF! | G11: =IFNA(VLOOKUP(B11,Datensammler!$B:$AA,24,0),"") -> 1997 | K11: =SUM(G11:J11) -> 1997 | L11: =IFERROR('HI-LOW Berechnung'!AS10,0) -> 60 | M11: =IFERROR('HI-LOW Berechnung'!AY10,0) -> 53 | N11: =IFERROR('HI-LOW Berechnung'!BB10,0) -> 39 | O11: =IFNA(VLOOKUP(B11,Datensammler!$B:$AA,25,0),"") -> 12 | S11: =SUM(O11:R11) -> 12 | T11: =IF(G11=0,"",G11/O11) -> 166.41667 | U11: =IF(H11=0,"",H11/P11) | V11: =IF(I11="","",I11/Q11) | W11: =IF(J11="","",J11/R11) | X11: =IF(K11=0,"",K11/S11) -> 166.41667 | Y11: 6 | Z11: =IF(K11=0,0,(900-L11)/100000+(900-M11)/100000000+(900-N11)/100000000000+Y11/100000000000) -> 0.0084084787 | AA11: =K11+Z11 -> 1997.0084 | AB11: 6 | AC11: =IFERROR(LARGE(AA:AA,Y11),"") -> 2081.0085 | AD11: =IF(AC11<>0,VLOOKUP(AC11,AA:AB,2,0),"") -> 19 | AE11: 6 | AF11: =IF(X11="","",ROUND(X11,3)+AE11/100000) -> 166.41706 | AG11: 6 | AH11: =IFERROR(LARGE(AF:AF,Y11),"") -> 173.41719 | AI11: =IF(AH11="","",VLOOKUP(AH11,AF:AG,2,0)) -> 19
A12: 7 | B12: 16594 | C12: =IF(B12="","",VLOOKUP(B12,'Mitglieder BBU'!A:N,6,0)) -> Monika Schott | D12: =IF(#REF!="","",VLOOKUP(#REF!,'Mitglieder BBU'!A:N,6,0)) -> #REF! | E12: =IF(#REF!="","",VLOOKUP(#REF!,'Mitglieder BBU'!A:N,6,0)) -> #REF! | G12: =IFNA(VLOOKUP(B12,Datensammler!$B:$AA,24,0),"") -> 1959 | K12: =SUM(G12:J12) -> 1959 | L12: =IFERROR('HI-LOW Berechnung'!AS11,0) -> 56 | M12: =IFERROR('HI-LOW Berechnung'!AY11,0) -> 33 | N12: =IFERROR('HI-LOW Berechnung'!BB11,0) -> 20 | O12: =IFNA(VLOOKUP(B12,Datensammler!$B:$AA,25,0),"") -> 12 | S12: =SUM(O12:R12) -> 12 | T12: =IF(G12=0,"",G12/O12) -> 163.25 | U12: =IF(H12=0,"",H12/P12) | V12: =IF(I12="","",I12/Q12) | W12: =IF(J12="","",J12/R12) | X12: =IF(K12=0,"",K12/S12) -> 163.25 | Y12: 7 | Z12: =IF(K12=0,0,(900-L12)/100000+(900-M12)/100000000+(900-N12)/100000000000+Y12/100000000000) -> 0.0084486789 | AA12: =K12+Z12 -> 1959.0084 | AB12: 7 | AC12: =IFERROR(LARGE(AA:AA,Y12),"") -> 2079.0083 | AD12: =IF(AC12<>0,VLOOKUP(AC12,AA:AB,2,0),"") -> 22 | AE12: 7 | AF12: =IF(X12="","",ROUND(X12,3)+AE12/100000) -> 163.25007 | AG12: 7 | AH12: =IFERROR(LARGE(AF:AF,Y12),"") -> 173.25022 | AI12: =IF(AH12="","",VLOOKUP(AH12,AF:AG,2,0)) -> 22
A13: 8 | B13: 38931 | C13: =IF(B13="","",VLOOKUP(B13,'Mitglieder BBU'!A:N,6,0)) -> Helene Schick | D13: =IF(#REF!="","",VLOOKUP(#REF!,'Mitglieder BBU'!A:N,6,0)) -> #REF! | E13: =IF(#REF!="","",VLOOKUP(#REF!,'Mitglieder BBU'!A:N,6,0)) -> #REF! | G13: =IFNA(VLOOKUP(B13,Datensammler!$B:$AA,24,0),"") -> 1955 | K13: =SUM(G13:J13) -> 1955 | L13: =IFERROR('HI-LOW Berechnung'!AS12,0) -> 61 | M13: =IFERROR('HI-LOW Berechnung'!AY12,0) -> 45 | N13: =IFERROR('HI-LOW Berechnung'!BB12,0) -> 43 | O13: =IFNA(VLOOKUP(B13,Datensammler!$B:$AA,25,0),"") -> 12 | S13: =SUM(O13:R13) -> 12 | T13: =IF(G13=0,"",G13/O13) -> 162.91667 | U13: =IF(H13=0,"",H13/P13) | V13: =IF(I13="","",I13/Q13) | W13: =IF(J13="","",J13/R13) | X13: =IF(K13=0,"",K13/S13) -> 162.91667 | Y13: 8 | Z13: =IF(K13=0,0,(900-L13)/100000+(900-M13)/100000000+(900-N13)/100000000000+Y13/100000000000) -> 0.0083985587 | AA13: =K13+Z13 -> 1955.0084 | AB13: 8 | AC13: =IFERROR(LARGE(AA:AA,Y13),"") -> 2037.0083 | AD13: =IF(AC13<>0,VLOOKUP(AC13,AA:AB,2,0),"") -> 17 | AE13: 8 | AF13: =IF(X13="","",ROUND(X13,3)+AE13/100000) -> 162.91708 | AG13: 8 | AH13: =IFERROR(LARGE(AF:AF,Y13),"") -> 169.75017 | AI13: =IF(AH13="","",VLOOKUP(AH13,AF:AG,2,0)) -> 17
A14: 9 | B14: 38045 | C14: =IF(B14="","",VLOOKUP(B14,'Mitglieder BBU'!A:N,6,0)) -> Anika Kristof | D14: =IF(#REF!="","",VLOOKUP(#REF!,'Mitglieder BBU'!A:N,6,0)) -> #REF! | E14: =IF(#REF!="","",VLOOKUP(#REF!,'Mitglieder BBU'!A:N,6,0)) -> #REF! | G14: =IFNA(VLOOKUP(B14,Datensammler!$B:$AA,24,0),"") -> 2441 | K14: =SUM(G14:J14) -> 2441 | L14: =IFERROR('HI-LOW Berechnung'!AS13,0) -> 64 | M14: =IFERROR('HI-LOW Berechnung'!AY13,0) -> 42 | N14: =IFERROR('HI-LOW Berechnung'!BB13,0) -> 28 | O14: =IFNA(VLOOKUP(B14,Datensammler!$B:$AA,25,0),"") -> 12 | S14: =SUM(O14:R14) -> 12 | T14: =IF(G14=0,"",G14/O14) -> 203.41667 | U14: =IF(H14=0,"",H14/P14) | V14: =IF(I14="","",I14/Q14) | W14: =IF(J14="","",J14/R14) | X14: =IF(K14=0,"",K14/S14) -> 203.41667 | Y14: 9 | Z14: =IF(K14=0,0,(900-L14)/100000+(900-M14)/100000000+(900-N14)/100000000000+Y14/100000000000) -> 0.0083685888 | AA14: =K14+Z14 -> 2441.0084 | AB14: 9 | AC14: =IFERROR(LARGE(AA:AA,Y14),"") -> 1997.0084 | AD14: =IF(AC14<>0,VLOOKUP(AC14,AA:AB,2,0),"") -> 6 | AE14: 9 | AF14: =IF(X14="","",ROUND(X14,3)+AE14/100000) -> 203.41709 | AG14: 9 | AH14: =IFERROR(LARGE(AF:AF,Y14),"") -> 166.41706 | AI14: =IF(AH14="","",VLOOKUP(AH14,AF:AG,2,0)) -> 6
A15: 10 | B15: 38876 | C15: =IF(B15="","",VLOOKUP(B15,'Mitglieder BBU'!A:N,6,0)) -> Bianca Leinemann | D15: =IF(#REF!="","",VLOOKUP(#REF!,'Mitglieder BBU'!A:N,6,0)) -> #REF! | E15: =IF(#REF!="","",VLOOKUP(#REF!,'Mitglieder BBU'!A:N,6,0)) -> #REF! | G15: =IFNA(VLOOKUP(B15,Datensammler!$B:$AA,24,0),"") -> 1823 | K15: =SUM(G15:J15) -> 1823 | L15: =IFERROR('HI-LOW Berechnung'!AS14,0) -> 95 | M15: =IFERROR('HI-LOW Berechnung'!AY14,0) -> 50 | N15: =IFERROR('HI-LOW Berechnung'!BB14,0) -> 19 | O15: =IFNA(VLOOKUP(B15,Datensammler!$B:$AA,25,0),"") -> 12 | S15: =SUM(O15:R15) -> 12 | T15: =IF(G15=0,"",G15/O15) -> 151.91667 | U15: =IF(H15=0,"",H15/P15) | V15: =IF(I15="","",I15/Q15) | W15: =IF(J15="","",J15/R15) | X15: =IF(K15=0,"",K15/S15) -> 151.91667 | Y15: 10 | Z15: =IF(K15=0,0,(900-L15)/100000+(900-M15)/100000000+(900-N15)/100000000000+Y15/100000000000) -> 0.0080585089 | AA15: =K15+Z15 -> 1823.0081 | AB15: 10 | AC15: =IFERROR(LARGE(AA:AA,Y15),"") -> 1983.0083 | AD15: =IF(AC15<>0,VLOOKUP(AC15,AA:AB,2,0),"") -> 4 | AE15: 10 | AF15: =IF(X15="","",ROUND(X15,3)+AE15/100000) -> 151.9171 | AG15: 10 | AH15: =IFERROR(LARGE(AF:AF,Y15),"") -> 165.25004 | AI15: =IF(AH15="","",VLOOKUP(AH15,AF:AG,2,0)) -> 4
A16: 11 | B16: 38780 | C16: =IF(B16="","",VLOOKUP(B16,'Mitglieder BBU'!A:N,6,0)) -> Sabaithip Mekjinda | D16: =IF(#REF!="","",VLOOKUP(#REF!,'Mitglieder BBU'!A:N,6,0)) -> #REF! | E16: =IF(#REF!="","",VLOOKUP(#REF!,'Mitglieder BBU'!A:N,6,0)) -> #REF! | G16: =IFNA(VLOOKUP(B16,Datensammler!$B:$AA,24,0),"") -> 1799 | K16: =SUM(G16:J16) -> 1799 | L16: =IFERROR('HI-LOW Berechnung'!AS15,0) -> 48 | M16: =IFERROR('HI-LOW Berechnung'!AY15,0) -> 30 | N16: =IFERROR('HI-LOW Berechnung'!BB15,0) -> 27 | O16: =IFNA(VLOOKUP(B16,Datensammler!$B:$AA,25,0),"") -> 12 | S16: =SUM(O16:R16) -> 12 | T16: =IF(G16=0,"",G16/O16) -> 149.91667 | U16: =IF(H16=0,"",H16/P16) | V16: =IF(I16="","",I16/Q16) | W16: =IF(J16="","",J16/R16) | X16: =IF(K16=0,"",K16/S16) -> 149.91667 | Y16: 11 | Z16: =IF(K16=0,0,(900-L16)/100000+(900-M16)/100000000+(900-N16)/100000000000+Y16/100000000000) -> 0.0085287088 | AA16: =K16+Z16 -> 1799.0085 | AB16: 11 | AC16: =IFERROR(LARGE(AA:AA,Y16),"") -> 1959.0084 | AD16: =IF(AC16<>0,VLOOKUP(AC16,AA:AB,2,0),"") -> 7 | AE16: 11 | AF16: =IF(X16="","",ROUND(X16,3)+AE16/100000) -> 149.91711 | AG16: 11 | AH16: =IFERROR(LARGE(AF:AF,Y16),"") -> 163.25007 | AI16: =IF(AH16="","",VLOOKUP(AH16,AF:AG,2,0)) -> 7
A17: 12 | B17: 38789 | C17: =IF(B17="","",VLOOKUP(B17,'Mitglieder BBU'!A:N,6,0)) -> Stephanie Fischer | D17: =IF(#REF!="","",VLOOKUP(#REF!,'Mitglieder BBU'!A:N,6,0)) -> #REF! | E17: =IF(#REF!="","",VLOOKUP(#REF!,'Mitglieder BBU'!A:N,6,0)) -> #REF! | G17: =IFNA(VLOOKUP(B17,Datensammler!$B:$AA,24,0),"") -> 1574 | K17: =SUM(G17:J17) -> 1574 | L17: =IFERROR('HI-LOW Berechnung'!AS16,0) -> 70 | M17: =IFERROR('HI-LOW Berechnung'!AY16,0) -> 46 | N17: =IFERROR('HI-LOW Berechnung'!BB16,0) -> 26 | O17: =IFNA(VLOOKUP(B17,Datensammler!$B:$AA,25,0),"") -> 12 | S17: =SUM(O17:R17) -> 12 | T17: =IF(G17=0,"",G17/O17) -> 131.16667 | U17: =IF(H17=0,"",H17/P17) | V17: =IF(I17="","",I17/Q17) | W17: =IF(J17="","",J17/R17) | X17: =IF(K17=0,"",K17/S17) -> 131.16667 | Y17: 12 | Z17: =IF(K17=0,0,(900-L17)/100000+(900-M17)/100000000+(900-N17)/100000000000+Y17/100000000000) -> 0.0083085489 | AA17: =K17+Z17 -> 1574.0083 | AB17: 12 | AC17: =IFERROR(LARGE(AA:AA,Y17),"") -> 1955.0084 | AD17: =IF(AC17<>0,VLOOKUP(AC17,AA:AB,2,0),"") -> 8 | AE17: 12 | AF17: =IF(X17="","",ROUND(X17,3)+AE17/100000) -> 131.16712 | AG17: 12 | AH17: =IFERROR(LARGE(AF:AF,Y17),"") -> 162.91708 | AI17: =IF(AH17="","",VLOOKUP(AH17,AF:AG,2,0)) -> 8
... A27: 22 | B27: 7154 | C27: =IF(B27="","",VLOOKUP(B27,'Mitglieder BBU'!A:N,6,0)) -> Marina Weiske | D27: =IF(#REF!="","",VLOOKUP(#REF!,'Mitglieder BBU'!A:N,6,0)) -> #REF! | E27: =IF(#REF!="","",VLOOKUP(#REF!,'Mitglieder BBU'!A:N,6,0)) -> #REF! | G27: =IFNA(VLOOKUP(B27,Datensammler!$B:$AA,24,0),"") -> 2079 | K27: =SUM(G27:J27) -> 2079 | L27: =IFERROR('HI-LOW Berechnung'!AS26,0) -> 68 | M27: =IFERROR('HI-LOW Berechnung'!AY26,0) -> 43 | N27: =IFERROR('HI-LOW Berechnung'!BB26,0) -> 31 | O27: =IFNA(VLOOKUP(B27,Datensammler!$B:$AA,25,0),"") -> 12 | S27: =SUM(O27:R27) -> 12 | T27: =IF(G27=0,"",G27/O27) -> 173.25 | U27: =IF(H27=0,"",H27/P27) | V27: =IF(I27="","",I27/Q27) | W27: =IF(J27="","",J27/R27) | X27: =IF(K27=0,"",K27/S27) -> 173.25 | Y27: 22 | Z27: =IF(K27=0,0,(900-L27)/100000+(900-M27)/100000000+(900-N27)/100000000000+Y27/100000000000) -> 0.0083285789 | AA27: =K27+Z27 -> 2079.0083 | AB27: 22 | AC27: =IFERROR(LARGE(AA:AA,Y27),"") -> 1574.0083 | AD27: =IF(AC27<>0,VLOOKUP(AC27,AA:AB,2,0),"") -> 12 | AE27: 22 | AF27: =IF(X27="","",ROUND(X27,3)+AE27/100000) -> 173.25022 | AG27: 22 | AH27: =IFERROR(LARGE(AF:AF,Y27),"") -> 131.16712 | AI27: =IF(AH27="","",VLOOKUP(AH27,AF:AG,2,0)) -> 12
A28: 23 | C28: =IF(B28="","",VLOOKUP(B28,'Mitglieder BBU'!A:N,6,0)) | D28: =IF(#REF!="","",VLOOKUP(#REF!,'Mitglieder BBU'!A:N,6,0)) -> #REF! | E28: =IF(#REF!="","",VLOOKUP(#REF!,'Mitglieder BBU'!A:N,6,0)) -> #REF! | G28: =IFNA(VLOOKUP(B28,Datensammler!$B:$AA,24,0),"") | K28: =SUM(G28:J28) -> 0 | L28: =IFERROR('HI-LOW Berechnung'!AS27,0) -> 0 | M28: =IFERROR('HI-LOW Berechnung'!AY27,0) -> 0 | N28: =IFERROR('HI-LOW Berechnung'!BB27,0) -> 0 | O28: =IFNA(VLOOKUP(B28,Datensammler!$B:$AA,25,0),"") | S28: =SUM(O28:R28) -> 0 | T28: =IF(G28=0,"",G28/O28) -> #DIV/0! | U28: =IF(H28=0,"",H28/P28) | V28: =IF(I28="","",I28/Q28) | W28: =IF(J28="","",J28/R28) | X28: =IF(K28=0,"",K28/S28) | Y28: 23 | Z28: =IF(K28=0,0,(900-L28)/100000+(900-M28)/100000000+(900-N28)/100000000000+Y28/100000000000) -> 0 | AA28: =K28+Z28 -> 0 | AB28: 23 | AC28: =IFERROR(LARGE(AA:AA,Y28),"") -> 0 | AD28: =IF(AC28<>0,VLOOKUP(AC28,AA:AB,2,0),"") | AE28: 23 | AF28: =IF(X28="","",ROUND(X28,3)+AE28/100000) | AG28: 23 | AH28: =IFERROR(LARGE(AF:AF,Y28),"") | AI28: =IF(AH28="","",VLOOKUP(AH28,AF:AG,2,0))
A29: 24 | C29: =IF(B29="","",VLOOKUP(B29,'Mitglieder BBU'!A:N,6,0)) | D29: =IF(#REF!="","",VLOOKUP(#REF!,'Mitglieder BBU'!A:N,6,0)) -> #REF! | E29: =IF(#REF!="","",VLOOKUP(#REF!,'Mitglieder BBU'!A:N,6,0)) -> #REF! | G29: =IFNA(VLOOKUP(B29,Datensammler!$B:$AA,24,0),"") | K29: =SUM(G29:J29) -> 0 | L29: =IFERROR('HI-LOW Berechnung'!AS28,0) -> 0 | M29: =IFERROR('HI-LOW Berechnung'!AY28,0) -> 0 | N29: =IFERROR('HI-LOW Berechnung'!BB28,0) -> 0 | O29: =IFNA(VLOOKUP(B29,Datensammler!$B:$AA,25,0),"") | S29: =SUM(O29:R29) -> 0 | T29: =IF(G29=0,"",G29/O29) -> #DIV/0! | U29: =IF(H29=0,"",H29/P29) | V29: =IF(I29="","",I29/Q29) | W29: =IF(J29="","",J29/R29) | X29: =IF(K29=0,"",K29/S29) | Y29: 24 | Z29: =IF(K29=0,0,(900-L29)/100000+(900-M29)/100000000+(900-N29)/100000000000+Y29/100000000000) -> 0 | AA29: =K29+Z29 -> 0 | AB29: 24 | AC29: =IFERROR(LARGE(AA:AA,Y29),"") -> 0 | AD29: =IF(AC29<>0,VLOOKUP(AC29,AA:AB,2,0),"") | AE29: 24 | AF29: =IF(X29="","",ROUND(X29,3)+AE29/100000) | AG29: 24 | AH29: =IFERROR(LARGE(AF:AF,Y29),"") | AI29: =IF(AH29="","",VLOOKUP(AH29,AF:AG,2,0))
A30: 25 | C30: =IF(B30="","",VLOOKUP(B30,'Mitglieder BBU'!A:N,6,0)) | D30: =IF(#REF!="","",VLOOKUP(#REF!,'Mitglieder BBU'!A:N,6,0)) -> #REF! | E30: =IF(#REF!="","",VLOOKUP(#REF!,'Mitglieder BBU'!A:N,6,0)) -> #REF! | G30: =IFNA(VLOOKUP(B30,Datensammler!$B:$AA,24,0),"") | K30: =SUM(G30:J30) -> 0 | L30: =IFERROR('HI-LOW Berechnung'!AS29,0) -> 0 | M30: =IFERROR('HI-LOW Berechnung'!AY29,0) -> 0 | N30: =IFERROR('HI-LOW Berechnung'!BB29,0) -> 0 | O30: =IFNA(VLOOKUP(B30,Datensammler!$B:$AA,25,0),"") | S30: =SUM(O30:R30) -> 0 | T30: =IF(G30=0,"",G30/O30) -> #DIV/0! | U30: =IF(H30=0,"",H30/P30) | V30: =IF(I30="","",I30/Q30) | W30: =IF(J30="","",J30/R30) | X30: =IF(K30=0,"",K30/S30) | Y30: 25 | Z30: =IF(K30=0,0,(900-L30)/100000+(900-M30)/100000000+(900-N30)/100000000000+Y30/100000000000) -> 0 | AA30: =K30+Z30 -> 0 | AB30: 25 | AC30: =IFERROR(LARGE(AA:AA,Y30),"") -> 0 | AD30: =IF(AC30<>0,VLOOKUP(AC30,AA:AB,2,0),"") | AE30: 25 | AF30: =IF(X30="","",ROUND(X30,3)+AE30/100000) | AG30: 25 | AH30: =IFERROR(LARGE(AF:AF,Y30),"") | AI30: =IF(AH30="","",VLOOKUP(AH30,AF:AG,2,0))
A31: 26 | C31: =IF(B31="","",VLOOKUP(B31,'Mitglieder BBU'!A:N,6,0)) | D31: =IF(#REF!="","",VLOOKUP(#REF!,'Mitglieder BBU'!A:N,6,0)) -> #REF! | E31: =IF(#REF!="","",VLOOKUP(#REF!,'Mitglieder BBU'!A:N,6,0)) -> #REF! | G31: =IFNA(VLOOKUP(B31,Datensammler!$B:$AA,24,0),"") | K31: =SUM(G31:J31) -> 0 | L31: =IFERROR('HI-LOW Berechnung'!AS30,0) -> 0 | M31: =IFERROR('HI-LOW Berechnung'!AY30,0) -> 0 | N31: =IFERROR('HI-LOW Berechnung'!BB30,0) -> 0 | O31: =IFNA(VLOOKUP(B31,Datensammler!$B:$AA,25,0),"") | S31: =SUM(O31:R31) -> 0 | T31: =IF(G31=0,"",G31/O31) -> #DIV/0! | U31: =IF(H31=0,"",H31/P31) | V31: =IF(I31="","",I31/Q31) | W31: =IF(J31="","",J31/R31) | X31: =IF(K31=0,"",K31/S31) | Y31: 26 | Z31: =IF(K31=0,0,(900-L31)/100000+(900-M31)/100000000+(900-N31)/100000000000+Y31/100000000000) -> 0 | AA31: =K31+Z31 -> 0 | AB31: 26 | AC31: =IFERROR(LARGE(AA:AA,Y31),"") -> 0 | AD31: =IF(AC31<>0,VLOOKUP(AC31,AA:AB,2,0),"") | AE31: 26 | AF31: =IF(X31="","",ROUND(X31,3)+AE31/100000) | AG31: 26 | AH31: =IFERROR(LARGE(AF:AF,Y31),"") | AI31: =IF(AH31="","",VLOOKUP(AH31,AF:AG,2,0))
A32: 27 | C32: =IF(B32="","",VLOOKUP(B32,'Mitglieder BBU'!A:N,6,0)) | D32: =IF(#REF!="","",VLOOKUP(#REF!,'Mitglieder BBU'!A:N,6,0)) -> #REF! | E32: =IF(#REF!="","",VLOOKUP(#REF!,'Mitglieder BBU'!A:N,6,0)) -> #REF! | G32: =IFNA(VLOOKUP(B32,Datensammler!$B:$AA,24,0),"") | K32: =SUM(G32:J32) -> 0 | L32: =IFERROR('HI-LOW Berechnung'!AS31,0) -> 0 | M32: =IFERROR('HI-LOW Berechnung'!AY31,0) -> 0 | N32: =IFERROR('HI-LOW Berechnung'!BB31,0) -> 0 | O32: =IFNA(VLOOKUP(B32,Datensammler!$B:$AA,25,0),"") | S32: =SUM(O32:R32) -> 0 | T32: =IF(G32=0,"",G32/O32) -> #DIV/0! | U32: =IF(H32=0,"",H32/P32) | V32: =IF(I32="","",I32/Q32) | W32: =IF(J32="","",J32/R32) | X32: =IF(K32=0,"",K32/S32) | Y32: 27 | Z32: =IF(K32=0,0,(900-L32)/100000+(900-M32)/100000000+(900-N32)/100000000000+Y32/100000000000) -> 0 | AA32: =K32+Z32 -> 0 | AB32: 27 | AC32: =IFERROR(LARGE(AA:AA,Y32),"") -> 0 | AD32: =IF(AC32<>0,VLOOKUP(AC32,AA:AB,2,0),"") | AE32: 27 | AF32: =IF(X32="","",ROUND(X32,3)+AE32/100000) | AG32: 27 | AH32: =IFERROR(LARGE(AF:AF,Y32),"") | AI32: =IF(AH32="","",VLOOKUP(AH32,AF:AG,2,0))
A33: 28 | C33: =IF(B33="","",VLOOKUP(B33,'Mitglieder BBU'!A:N,6,0)) | D33: =IF(#REF!="","",VLOOKUP(#REF!,'Mitglieder BBU'!A:N,6,0)) -> #REF! | E33: =IF(#REF!="","",VLOOKUP(#REF!,'Mitglieder BBU'!A:N,6,0)) -> #REF! | G33: =IFNA(VLOOKUP(B33,Datensammler!$B:$AA,24,0),"") | K33: =SUM(G33:J33) -> 0 | L33: =IFERROR('HI-LOW Berechnung'!AS32,0) -> 0 | M33: =IFERROR('HI-LOW Berechnung'!AY32,0) -> 0 | N33: =IFERROR('HI-LOW Berechnung'!BB32,0) -> 0 | O33: =IFNA(VLOOKUP(B33,Datensammler!$B:$AA,25,0),"") | S33: =SUM(O33:R33) -> 0 | T33: =IF(G33=0,"",G33/O33) -> #DIV/0! | U33: =IF(H33=0,"",H33/P33) | V33: =IF(I33="","",I33/Q33) | W33: =IF(J33="","",J33/R33) | X33: =IF(K33=0,"",K33/S33) | Y33: 28 | Z33: =IF(K33=0,0,(900-L33)/100000+(900-M33)/100000000+(900-N33)/100000000000+Y33/100000000000) -> 0 | AA33: =K33+Z33 -> 0 | AB33: 28 | AC33: =IFERROR(LARGE(AA:AA,Y33),"") -> 0 | AD33: =IF(AC33<>0,VLOOKUP(AC33,AA:AB,2,0),"") | AE33: 28 | AF33: =IF(X33="","",ROUND(X33,3)+AE33/100000) | AG33: 28 | AH33: =IFERROR(LARGE(AF:AF,Y33),"") | AI33: =IF(AH33="","",VLOOKUP(AH33,AF:AG,2,0))
A34: 29 | C34: =IF(B34="","",VLOOKUP(B34,'Mitglieder BBU'!A:N,6,0)) | D34: =IF(#REF!="","",VLOOKUP(#REF!,'Mitglieder BBU'!A:N,6,0)) -> #REF! | E34: =IF(#REF!="","",VLOOKUP(#REF!,'Mitglieder BBU'!A:N,6,0)) -> #REF! | G34: =IFNA(VLOOKUP(B34,Datensammler!$B:$AA,24,0),"") | K34: =SUM(G34:J34) -> 0 | L34: =IFERROR('HI-LOW Berechnung'!AS33,0) -> 0 | M34: =IFERROR('HI-LOW Berechnung'!AY33,0) -> 0 | N34: =IFERROR('HI-LOW Berechnung'!BB33,0) -> 0 | O34: =IFNA(VLOOKUP(B34,Datensammler!$B:$AA,25,0),"") | S34: =SUM(O34:R34) -> 0 | T34: =IF(G34=0,"",G34/O34) -> #DIV/0! | U34: =IF(H34=0,"",H34/P34) | V34: =IF(I34="","",I34/Q34) | W34: =IF(J34="","",J34/R34) | X34: =IF(K34=0,"",K34/S34) | Y34: 29 | Z34: =IF(K34=0,0,(900-L34)/100000+(900-M34)/100000000+(900-N34)/100000000000+Y34/100000000000) -> 0 | AA34: =K34+Z34 -> 0 | AB34: 29 | AC34: =IFERROR(LARGE(AA:AA,Y34),"") -> 0 | AD34: =IF(AC34<>0,VLOOKUP(AC34,AA:AB,2,0),"") | AE34: 29 | AF34: =IF(X34="","",ROUND(X34,3)+AE34/100000) | AG34: 29 | AH34: =IFERROR(LARGE(AF:AF,Y34),"") | AI34: =IF(AH34="","",VLOOKUP(AH34,AF:AG,2,0))
A35: 30 | C35: =IF(B35="","",VLOOKUP(B35,'Mitglieder BBU'!A:N,6,0)) | D35: =IF(#REF!="","",VLOOKUP(#REF!,'Mitglieder BBU'!A:N,6,0)) -> #REF! | E35: =IF(#REF!="","",VLOOKUP(#REF!,'Mitglieder BBU'!A:N,6,0)) -> #REF! | G35: =IFNA(VLOOKUP(B35,Datensammler!$B:$AA,24,0),"") | K35: =SUM(G35:J35) -> 0 | L35: =IFERROR('HI-LOW Berechnung'!AS34,0) -> 0 | M35: =IFERROR('HI-LOW Berechnung'!AY34,0) -> 0 | N35: =IFERROR('HI-LOW Berechnung'!BB34,0) -> 0 | O35: =IFNA(VLOOKUP(B35,Datensammler!$B:$AA,25,0),"") | S35: =SUM(O35:R35) -> 0 | T35: =IF(G35=0,"",G35/O35) -> #DIV/0! | U35: =IF(H35=0,"",H35/P35) | V35: =IF(I35="","",I35/Q35) | W35: =IF(J35="","",J35/R35) | X35: =IF(K35=0,"",K35/S35) | Y35: 30 | Z35: =IF(K35=0,0,(900-L35)/100000+(900-M35)/100000000+(900-N35)/100000000000+Y35/100000000000) -> 0 | AA35: =K35+Z35 -> 0 | AB35: 30 | AC35: =IFERROR(LARGE(AA:AA,Y35),"") -> 0 | AD35: =IF(AC35<>0,VLOOKUP(AC35,AA:AB,2,0),"") | AE35: 30 | AF35: =IF(X35="","",ROUND(X35,3)+AE35/100000) | AG35: 30 | AH35: =IFERROR(LARGE(AF:AF,Y35),"") | AI35: =IF(AH35="","",VLOOKUP(AH35,AF:AG,2,0))
A36: 31 | C36: =IF(B36="","",VLOOKUP(B36,'Mitglieder BBU'!A:N,6,0)) | D36: =IF(#REF!="","",VLOOKUP(#REF!,'Mitglieder BBU'!A:N,6,0)) -> #REF! | E36: =IF(#REF!="","",VLOOKUP(#REF!,'Mitglieder BBU'!A:N,6,0)) -> #REF! | G36: =IFNA(VLOOKUP(B36,Datensammler!$B:$AA,24,0),"") | K36: =SUM(G36:J36) -> 0 | L36: =IFERROR('HI-LOW Berechnung'!AS35,0) -> 0 | M36: =IFERROR('HI-LOW Berechnung'!AY35,0) -> 0 | N36: =IFERROR('HI-LOW Berechnung'!BB35,0) -> 0 | O36: =IFNA(VLOOKUP(B36,Datensammler!$B:$AA,25,0),"") | S36: =SUM(O36:R36) -> 0 | T36: =IF(G36=0,"",G36/O36) -> #DIV/0! | U36: =IF(H36=0,"",H36/P36) | V36: =IF(I36="","",I36/Q36) | W36: =IF(J36="","",J36/R36) | X36: =IF(K36=0,"",K36/S36) | Y36: 31 | Z36: =IF(K36=0,0,(900-L36)/100000+(900-M36)/100000000+(900-N36)/100000000000+Y36/100000000000) -> 0 | AA36: =K36+Z36 -> 0 | AB36: 31 | AC36: =IFERROR(LARGE(AA:AA,Y36),"") -> 0 | AD36: =IF(AC36<>0,VLOOKUP(AC36,AA:AB,2,0),"") | AE36: 31 | AF36: =IF(X36="","",ROUND(X36,3)+AE36/100000) | AG36: 31 | AH36: =IFERROR(LARGE(AF:AF,Y36),"") | AI36: =IF(AH36="","",VLOOKUP(AH36,AF:AG,2,0))
A37: 32 | C37: =IF(B37="","",VLOOKUP(B37,'Mitglieder BBU'!A:N,6,0)) | D37: =IF(#REF!="","",VLOOKUP(#REF!,'Mitglieder BBU'!A:N,6,0)) -> #REF! | E37: =IF(#REF!="","",VLOOKUP(#REF!,'Mitglieder BBU'!A:N,6,0)) -> #REF! | G37: =IFNA(VLOOKUP(B37,Datensammler!$B:$AA,24,0),"") | K37: =SUM(G37:J37) -> 0 | L37: =IFERROR('HI-LOW Berechnung'!AS36,0) -> 0 | M37: =IFERROR('HI-LOW Berechnung'!AY36,0) -> 0 | N37: =IFERROR('HI-LOW Berechnung'!BB36,0) -> 0 | O37: =IFNA(VLOOKUP(B37,Datensammler!$B:$AA,25,0),"") | S37: =SUM(O37:R37) -> 0 | T37: =IF(G37=0,"",G37/O37) -> #DIV/0! | U37: =IF(H37=0,"",H37/P37) | V37: =IF(I37="","",I37/Q37) | W37: =IF(J37="","",J37/R37) | X37: =IF(K37=0,"",K37/S37) | Y37: 32 | Z37: =IF(K37=0,0,(900-L37)/100000+(900-M37)/100000000+(900-N37)/100000000000+Y37/100000000000) -> 0 | AA37: =K37+Z37 -> 0 | AB37: 32 | AC37: =IFERROR(LARGE(AA:AA,Y37),"") -> 0 | AD37: =IF(AC37<>0,VLOOKUP(AC37,AA:AB,2,0),"") | AE37: 32 | AF37: =IF(X37="","",ROUND(X37,3)+AE37/100000) | AG37: 32 | AH37: =IFERROR(LARGE(AF:AF,Y37),"") | AI37: =IF(AH37="","",VLOOKUP(AH37,AF:AG,2,0))
A38: 33 | C38: =IF(B38="","",VLOOKUP(B38,'Mitglieder BBU'!A:N,6,0)) | D38: =IF(#REF!="","",VLOOKUP(#REF!,'Mitglieder BBU'!A:N,6,0)) -> #REF! | E38: =IF(#REF!="","",VLOOKUP(#REF!,'Mitglieder BBU'!A:N,6,0)) -> #REF! | G38: =IFNA(VLOOKUP(B38,Datensammler!$B:$AA,24,0),"") | K38: =SUM(G38:J38) -> 0 | L38: =IFERROR('HI-LOW Berechnung'!AS37,0) -> 0 | M38: =IFERROR('HI-LOW Berechnung'!AY37,0) -> 0 | N38: =IFERROR('HI-LOW Berechnung'!BB37,0) -> 0 | O38: =IFNA(VLOOKUP(B38,Datensammler!$B:$AA,25,0),"") | S38: =SUM(O38:R38) -> 0 | T38: =IF(G38=0,"",G38/O38) -> #DIV/0! | U38: =IF(H38=0,"",H38/P38) | V38: =IF(I38="","",I38/Q38) | W38: =IF(J38="","",J38/R38) | X38: =IF(K38=0,"",K38/S38) | Y38: 33 | Z38: =IF(K38=0,0,(900-L38)/100000+(900-M38)/100000000+(900-N38)/100000000000+Y38/100000000000) -> 0 | AA38: =K38+Z38 -> 0 | AB38: 33 | AC38: =IFERROR(LARGE(AA:AA,Y38),"") -> 0 | AD38: =IF(AC38<>0,VLOOKUP(AC38,AA:AB,2,0),"") | AE38: 33 | AF38: =IF(X38="","",ROUND(X38,3)+AE38/100000) | AG38: 33 | AH38: =IFERROR(LARGE(AF:AF,Y38),"") | AI38: =IF(AH38="","",VLOOKUP(AH38,AF:AG,2,0))
A39: 34 | C39: =IF(B39="","",VLOOKUP(B39,'Mitglieder BBU'!A:N,6,0)) | D39: =IF(#REF!="","",VLOOKUP(#REF!,'Mitglieder BBU'!A:N,6,0)) -> #REF! | E39: =IF(#REF!="","",VLOOKUP(#REF!,'Mitglieder BBU'!A:N,6,0)) -> #REF! | G39: =IFNA(VLOOKUP(B39,Datensammler!$B:$AA,24,0),"") | K39: =SUM(G39:J39) -> 0 | L39: =IFERROR('HI-LOW Berechnung'!AS38,0) -> 0 | M39: =IFERROR('HI-LOW Berechnung'!AY38,0) -> 0 | N39: =IFERROR('HI-LOW Berechnung'!BB38,0) -> 0 | O39: =IFNA(VLOOKUP(B39,Datensammler!$B:$AA,25,0),"") | S39: =SUM(O39:R39) -> 0 | T39: =IF(G39=0,"",G39/O39) -> #DIV/0! | U39: =IF(H39=0,"",H39/P39) | V39: =IF(I39="","",I39/Q39) | W39: =IF(J39="","",J39/R39) | X39: =IF(K39=0,"",K39/S39) | Y39: 34 | Z39: =IF(K39=0,0,(900-L39)/100000+(900-M39)/100000000+(900-N39)/100000000000+Y39/100000000000) -> 0 | AA39: =K39+Z39 -> 0 | AB39: 34 | AC39: =IFERROR(LARGE(AA:AA,Y39),"") -> 0 | AD39: =IF(AC39<>0,VLOOKUP(AC39,AA:AB,2,0),"") | AE39: 34 | AF39: =IF(X39="","",ROUND(X39,3)+AE39/100000) | AG39: 34 | AH39: =IFERROR(LARGE(AF:AF,Y39),"") | AI39: =IF(AH39="","",VLOOKUP(AH39,AF:AG,2,0))
... A203: 198 | C203: =IF(B203="","",VLOOKUP(B203,'Mitglieder BBU'!A:N,6,0)) | D203: =IF(#REF!="","",VLOOKUP(#REF!,'Mitglieder BBU'!A:N,6,0)) -> #REF! | E203: =IF(#REF!="","",VLOOKUP(#REF!,'Mitglieder BBU'!A:N,6,0)) -> #REF! | G203: =IFNA(VLOOKUP(B203,Datensammler!$B:$AA,24,0),"") | K203: =SUM(G203:J203) -> 0 | L203: =IFERROR('HI-LOW Berechnung'!AS202,0) | M203: =IFERROR('HI-LOW Berechnung'!AY202,0) | N203: =IFERROR('HI-LOW Berechnung'!BB202,0) | O203: =IFNA(VLOOKUP(B203,Datensammler!$B:$AA,25,0),"") | S203: =SUM(O203:R203) -> 0 | T203: =IF(G203=0,"",G203/O203) -> #DIV/0! | U203: =IF(H203=0,"",H203/P203) | V203: =IF(I203="","",I203/Q203) | W203: =IF(J203="","",J203/R203) | X203: =IF(K203=0,"",K203/S203) | Y203: 198 | Z203: =IF(K203=0,0,(900-L203)/100000+(900-M203)/100000000+(900-N203)/100000000000+Y203/100000000000) -> 0 | AA203: =K203+Z203 -> 0 | AB203: 198 | AC203: =IFERROR(LARGE(AA:AA,Y203),"") -> 0 | AD203: =IF(AC203<>0,VLOOKUP(AC203,AA:AB,2,0),"") | AE203: 198 | AF203: =IF(X203="","",ROUND(X203,3)+AE203/100000) | AG203: 198 | AH203: =IFERROR(LARGE(AF:AF,Y203),"") | AI203: =IF(AH203="","",VLOOKUP(AH203,AF:AG,2,0))
A204: 199 | G204: =IFNA(VLOOKUP(B204,Datensammler!$B:$AA,24,0),"") | K204: =SUM(G204:J204) -> 0 | L204: =IFERROR('HI-LOW Berechnung'!AS203,0) | M204: =IFERROR('HI-LOW Berechnung'!AY203,0) | N204: =IFERROR('HI-LOW Berechnung'!BB203,0) | O204: =IFNA(VLOOKUP(B204,Datensammler!$B:$AA,25,0),"") | S204: =SUM(O204:R204) -> 0 | T204: =IF(G204=0,"",G204/O204) -> #DIV/0! | U204: =IF(H204=0,"",H204/P204) | V204: =IF(I204="","",I204/Q204) | W204: =IF(J204="","",J204/R204) | X204: =IF(K204=0,"",K204/S204) | Y204: 199 | Z204: =IF(K204=0,0,(900-L204)/100000+(900-M204)/100000000+(900-N204)/100000000000+Y204/100000000000) -> 0 | AA204: =K204+Z204 -> 0 | AB204: 199 | AC204: =IFERROR(LARGE(AA:AA,Y204),"") -> 0 | AD204: =IF(AC204<>0,VLOOKUP(AC204,AA:AB,2,0),"") | AE204: 199 | AF204: =IF(X204="","",ROUND(X204,3)+AE204/100000) | AG204: 199 | AH204: =IFERROR(LARGE(AF:AF,Y204),"") | AI204: =IF(AH204="","",VLOOKUP(AH204,AF:AG,2,0))
A205: 200 | G205: =IFNA(VLOOKUP(B205,Datensammler!$B:$AA,24,0),"") | K205: =SUM(G205:J205) -> 0 | L205: =IFERROR('HI-LOW Berechnung'!AS204,0) | M205: =IFERROR('HI-LOW Berechnung'!AY204,0) | N205: =IFERROR('HI-LOW Berechnung'!BB204,0) | O205: =IFNA(VLOOKUP(B205,Datensammler!$B:$AA,25,0),"") | S205: =SUM(O205:R205) -> 0 | T205: =IF(G205=0,"",G205/O205) -> #DIV/0! | U205: =IF(H205=0,"",H205/P205) | V205: =IF(I205="","",I205/Q205) | W205: =IF(J205="","",J205/R205) | X205: =IF(K205=0,"",K205/S205) | Y205: 200 | Z205: =IF(K205=0,0,(900-L205)/100000+(900-M205)/100000000+(900-N205)/100000000000+Y205/100000000000) -> 0 | AA205: =K205+Z205 -> 0 | AB205: 200 | AC205: =IFERROR(LARGE(AA:AA,Y205),"") -> 0 | AD205: =IF(AC205<>0,VLOOKUP(AC205,AA:AB,2,0),"") | AE205: 200 | AF205: =IF(X205="","",ROUND(X205,3)+AE205/100000) | AG205: 200 | AH205: =IFERROR(LARGE(AF:AF,Y205),"") | AI205: =IF(AH205="","",VLOOKUP(AH205,AF:AG,2,0))

Sheet Optionen
A1: Allgemeine Angaben und Einstellungen
A3: Turniername: | B3: Bayerische Meisterschaft
A4: Untergruppe | B4: Frauen Einzel
A5: Saison | B5: 2026
A7: Datum von bis: | B7: 9.5 - 10.5
A10: Auswertung: | B10: John Mesch
A11: Funktion: | B11: Seniorenwart
A12: Bowlinganlage und Ort: | B12: Rottendorf
A15: Passwort:
A31: max. 400 Einzelspieler

Sheet HI-LOW Berechnung
A4: Teamnummer | B4: EDV1 | C4: Sp1-1 | D4: Sp1-2 | E4: Sp1-3 | F4: Sp1-4 | G4: Sp1-5 | H4: Sp1-6 | I4: Sp1-7 | J4: Sp1-8 | K4: Sp1-9 | L4: Sp1-10 | M4: Sp1-11 | N4: Sp1-12 | O4: Sp1-13 | P4: Sp1-14 | Q4: Sp1-15 | R4: Sp1-16 | S4: Sp1-17 | T4: Sp1-18 | U4: Ges. Sp1 | V4: Ges. Sp2 | W4: Ges. Sp3 | X4: Ges. Sp4 | Y4: Ges. Sp5 | Z4: Ges. Sp6 | AA4: Ges. Sp7 | AB4: Ges. Sp8 | AC4: Ges. Sp9 | AD4: Ges. Sp10 | AE4: Ges. Sp11 | AF4: Ges. Sp12 | AG4: Ges. Sp13 | AH4: Ges. Sp14 | AI4: Ges. Sp15 | AJ4: Ges. Sp16 | AK4: Ges. Sp17 | AL4: Ges. Sp18 | AP4: High | AQ4: Low | AS4: Highlow 1 | AU4: Spiele | AW4: High2 | AX4: Low2 | AY4: HIlow2 | AZ4: High3 | BA4: Low3 | BB4: Highlow3
A5: =Spieler!A6 -> 1 | B5: =VLOOKUP(A5,Spieler!A:F,2,0) -> 7709 | C5: =IF(B5=0,0,VLOOKUP(B5,Datensammler!B:U,3,0)) -> 131 | D5: =IF(B5=0,0,VLOOKUP(B5,Datensammler!B:U,4,0)) -> 156 | E5: =IF(B5=0,0,VLOOKUP(B5,Datensammler!B:U,5,0)) -> 123 | F5: =IF(B5=0,0,VLOOKUP(B5,Datensammler!B:U,6,0)) -> 174 | G5: =IF(B5=0,0,VLOOKUP(B5,Datensammler!B:U,7,0)) -> 132 | H5: =IF(B5=0,0,VLOOKUP(B5,Datensammler!B:U,8,0)) -> 172 | I5: =IF(B5=0,0,VLOOKUP(B5,Datensammler!B:U,9,0)) -> 183 | J5: =IF(B5=0,0,VLOOKUP(B5,Datensammler!B:U,10,0)) -> 165 | K5: =IF(B5=0,0,VLOOKUP(B5,Datensammler!B:U,11,0)) -> 120 | L5: =IF(B5=0,0,VLOOKUP(B5,Datensammler!B:U,12,0)) -> 171 | M5: =IF(B5=0,0,VLOOKUP(B5,Datensammler!B:U,13,0)) -> 143 | N5: =IF(B5=0,0,VLOOKUP(B5,Datensammler!B:U,14,0)) -> 188 | O5: =IF(B5=0,0,VLOOKUP(B5,Datensammler!B:U,15,0)) | P5: =IF(B5=0,0,VLOOKUP(B5,Datensammler!B:U,16,0)) | Q5: =IF(B5=0,0,VLOOKUP(B5,Datensammler!B:U,17,0)) | R5: =IF(B5=0,0,VLOOKUP(B5,Datensammler!B:U,18,0)) | S5: =IF(B5=0,0,VLOOKUP(B5,Datensammler!B:U,19,0)) | T5: =IF(B5=0,0,VLOOKUP(B5,Datensammler!B:U,20,0)) | U5: =C5 -> 131 | V5: =D5 -> 156 | W5: =E5 -> 123 | X5: =F5 -> 174 | Y5: =G5 -> 132 | Z5: =H5 -> 172 | AA5: =I5 -> 183 | AB5: =J5 -> 165 | ... AL5: =T5 | AP5: =IF(V5>0,LARGE(U5:AL5,1),0) -> 188 | AQ5: =IFERROR(__xludf.DUMMYFUNCTION("IF(V5>0,MIN(FILTER(U5:AL5, U5:AL5<>0)),0)"),120.0) -> 120 | AS5: =AP5-AQ5 -> 68 | AU5: =COUNTIF(C5:T5, ">0") -> 12 | AW5: =IF(X5>0,LARGE(U5:AL5,2),0) -> 183 | AX5: =IFERROR(__xludf.DUMMYFUNCTION("IF(X5>0,SMALL(FILTER(U5:AL5, U5:AL5<>0), 2),0)"),123.0) -> 123 | AY5: =IF(V5=0,0,AW5-AX5) -> 60 | AZ5: =IF(Y5>0,LARGE(U5:AL5,3),0) -> 174 | BA5: =IFERROR(__xludf.DUMMYFUNCTION("IF(Y5>0,SMALL(FILTER(U5:AL5, U5:AL5<>0), 3),0)"),131.0) -> 131 | BB5: =AZ5-BA5 -> 43
A6: =Spieler!A7 -> 2 | B6: =VLOOKUP(A6,Spieler!A:F,2,0) -> 25347 | C6: =IF(B6=0,0,VLOOKUP(B6,Datensammler!B:U,3,0)) -> 149 | D6: =IF(B6=0,0,VLOOKUP(B6,Datensammler!B:U,4,0)) -> 140 | E6: =IF(B6=0,0,VLOOKUP(B6,Datensammler!B:U,5,0)) -> 127 | F6: =IF(B6=0,0,VLOOKUP(B6,Datensammler!B:U,6,0)) -> 163 | G6: =IF(B6=0,0,VLOOKUP(B6,Datensammler!B:U,7,0)) -> 121 | H6: =IF(B6=0,0,VLOOKUP(B6,Datensammler!B:U,8,0)) -> 116 | I6: =IF(B6=0,0,VLOOKUP(B6,Datensammler!B:U,9,0)) -> 133 | J6: =IF(B6=0,0,VLOOKUP(B6,Datensammler!B:U,10,0)) -> 132 | K6: =IF(B6=0,0,VLOOKUP(B6,Datensammler!B:U,11,0)) -> 120 | L6: =IF(B6=0,0,VLOOKUP(B6,Datensammler!B:U,12,0)) -> 151 | M6: =IF(B6=0,0,VLOOKUP(B6,Datensammler!B:U,13,0)) -> 153 | N6: =IF(B6=0,0,VLOOKUP(B6,Datensammler!B:U,14,0)) -> 145 | O6: =IF(B6=0,0,VLOOKUP(B6,Datensammler!B:U,15,0)) | P6: =IF(B6=0,0,VLOOKUP(B6,Datensammler!B:U,16,0)) | Q6: =IF(B6=0,0,VLOOKUP(B6,Datensammler!B:U,17,0)) | R6: =IF(B6=0,0,VLOOKUP(B6,Datensammler!B:U,18,0)) | S6: =IF(B6=0,0,VLOOKUP(B6,Datensammler!B:U,19,0)) | T6: =IF(B6=0,0,VLOOKUP(B6,Datensammler!B:U,20,0)) | U6: =C6 -> 149 | V6: =D6 -> 140 | W6: =E6 -> 127 | X6: =F6 -> 163 | Y6: =G6 -> 121 | Z6: =H6 -> 116 | AA6: =I6 -> 133 | AB6: =J6 -> 132 | ... AL6: =T6 | AP6: =IF(V6>0,LARGE(U6:AL6,1),0) -> 163 | AQ6: =IFERROR(__xludf.DUMMYFUNCTION("IF(V6>0,MIN(FILTER(U6:AL6, U6:AL6<>0)),0)"),116.0) -> 116 | AS6: =AP6-AQ6 -> 47 | AU6: =COUNTIF(C6:T6, ">0") -> 12 | AW6: =IF(X6>0,LARGE(U6:AL6,2),0) -> 153 | AX6: =IFERROR(__xludf.DUMMYFUNCTION("IF(X6>0,SMALL(FILTER(U6:AL6, U6:AL6<>0), 2),0)"),120.0) -> 120 | AY6: =IF(V6=0,0,AW6-AX6) -> 33 | AZ6: =IF(Y6>0,LARGE(U6:AL6,3),0) -> 151 | BA6: =IFERROR(__xludf.DUMMYFUNCTION("IF(Y6>0,SMALL(FILTER(U6:AL6, U6:AL6<>0), 3),0)"),121.0) -> 121 | BB6: =AZ6-BA6 -> 30
A7: =Spieler!A8 -> 3 | B7: =VLOOKUP(A7,Spieler!A:F,2,0) -> 7974 | C7: =IF(B7=0,0,VLOOKUP(B7,Datensammler!B:U,3,0)) -> 142 | D7: =IF(B7=0,0,VLOOKUP(B7,Datensammler!B:U,4,0)) -> 104 | E7: =IF(B7=0,0,VLOOKUP(B7,Datensammler!B:U,5,0)) -> 159 | F7: =IF(B7=0,0,VLOOKUP(B7,Datensammler!B:U,6,0)) -> 119 | G7: =IF(B7=0,0,VLOOKUP(B7,Datensammler!B:U,7,0)) -> 130 | H7: =IF(B7=0,0,VLOOKUP(B7,Datensammler!B:U,8,0)) -> 165 | I7: =IF(B7=0,0,VLOOKUP(B7,Datensammler!B:U,9,0)) -> 122 | J7: =IF(B7=0,0,VLOOKUP(B7,Datensammler!B:U,10,0)) -> 126 | K7: =IF(B7=0,0,VLOOKUP(B7,Datensammler!B:U,11,0)) -> 126 | L7: =IF(B7=0,0,VLOOKUP(B7,Datensammler!B:U,12,0)) -> 151 | M7: =IF(B7=0,0,VLOOKUP(B7,Datensammler!B:U,13,0)) -> 136 | N7: =IF(B7=0,0,VLOOKUP(B7,Datensammler!B:U,14,0)) -> 116 | O7: =IF(B7=0,0,VLOOKUP(B7,Datensammler!B:U,15,0)) | P7: =IF(B7=0,0,VLOOKUP(B7,Datensammler!B:U,16,0)) | Q7: =IF(B7=0,0,VLOOKUP(B7,Datensammler!B:U,17,0)) | R7: =IF(B7=0,0,VLOOKUP(B7,Datensammler!B:U,18,0)) | S7: =IF(B7=0,0,VLOOKUP(B7,Datensammler!B:U,19,0)) | T7: =IF(B7=0,0,VLOOKUP(B7,Datensammler!B:U,20,0)) | U7: =C7 -> 142 | V7: =D7 -> 104 | W7: =E7 -> 159 | X7: =F7 -> 119 | Y7: =G7 -> 130 | Z7: =H7 -> 165 | AA7: =I7 -> 122 | AB7: =J7 -> 126 | ... AL7: =T7 | AP7: =IF(V7>0,LARGE(U7:AL7,1),0) -> 165 | AQ7: =IFERROR(__xludf.DUMMYFUNCTION("IF(V7>0,MIN(FILTER(U7:AL7, U7:AL7<>0)),0)"),104.0) -> 104 | AS7: =AP7-AQ7 -> 61 | AU7: =COUNTIF(C7:T7, ">0") -> 12 | AW7: =IF(X7>0,LARGE(U7:AL7,2),0) -> 159 | AX7: =IFERROR(__xludf.DUMMYFUNCTION("IF(X7>0,SMALL(FILTER(U7:AL7, U7:AL7<>0), 2),0)"),116.0) -> 116 | AY7: =IF(V7=0,0,AW7-AX7) -> 43 | AZ7: =IF(Y7>0,LARGE(U7:AL7,3),0) -> 151 | BA7: =IFERROR(__xludf.DUMMYFUNCTION("IF(Y7>0,SMALL(FILTER(U7:AL7, U7:AL7<>0), 3),0)"),119.0) -> 119 | BB7: =AZ7-BA7 -> 32
A8: =Spieler!A9 -> 4 | B8: =VLOOKUP(A8,Spieler!A:F,2,0) -> 25329 | C8: =IF(B8=0,0,VLOOKUP(B8,Datensammler!B:U,3,0)) -> 176 | D8: =IF(B8=0,0,VLOOKUP(B8,Datensammler!B:U,4,0)) -> 207 | E8: =IF(B8=0,0,VLOOKUP(B8,Datensammler!B:U,5,0)) -> 158 | F8: =IF(B8=0,0,VLOOKUP(B8,Datensammler!B:U,6,0)) -> 152 | G8: =IF(B8=0,0,VLOOKUP(B8,Datensammler!B:U,7,0)) -> 186 | H8: =IF(B8=0,0,VLOOKUP(B8,Datensammler!B:U,8,0)) -> 149 | I8: =IF(B8=0,0,VLOOKUP(B8,Datensammler!B:U,9,0)) -> 149 | J8: =IF(B8=0,0,VLOOKUP(B8,Datensammler!B:U,10,0)) -> 155 | K8: =IF(B8=0,0,VLOOKUP(B8,Datensammler!B:U,11,0)) -> 140 | L8: =IF(B8=0,0,VLOOKUP(B8,Datensammler!B:U,12,0)) -> 169 | M8: =IF(B8=0,0,VLOOKUP(B8,Datensammler!B:U,13,0)) -> 159 | N8: =IF(B8=0,0,VLOOKUP(B8,Datensammler!B:U,14,0)) -> 183 | O8: =IF(B8=0,0,VLOOKUP(B8,Datensammler!B:U,15,0)) | P8: =IF(B8=0,0,VLOOKUP(B8,Datensammler!B:U,16,0)) | Q8: =IF(B8=0,0,VLOOKUP(B8,Datensammler!B:U,17,0)) | R8: =IF(B8=0,0,VLOOKUP(B8,Datensammler!B:U,18,0)) | S8: =IF(B8=0,0,VLOOKUP(B8,Datensammler!B:U,19,0)) | T8: =IF(B8=0,0,VLOOKUP(B8,Datensammler!B:U,20,0)) | U8: =C8 -> 176 | V8: =D8 -> 207 | W8: =E8 -> 158 | X8: =F8 -> 152 | Y8: =G8 -> 186 | Z8: =H8 -> 149 | AA8: =I8 -> 149 | AB8: =J8 -> 155 | ... AL8: =T8 | AP8: =IF(V8>0,LARGE(U8:AL8,1),0) -> 207 | AQ8: =IFERROR(__xludf.DUMMYFUNCTION("IF(V8>0,MIN(FILTER(U8:AL8, U8:AL8<>0)),0)"),140.0) -> 140 | AS8: =AP8-AQ8 -> 67 | AU8: =COUNTIF(C8:T8, ">0") -> 12 | AW8: =IF(X8>0,LARGE(U8:AL8,2),0) -> 186 | AX8: =IFERROR(__xludf.DUMMYFUNCTION("IF(X8>0,SMALL(FILTER(U8:AL8, U8:AL8<>0), 2),0)"),149.0) -> 149 | AY8: =IF(V8=0,0,AW8-AX8) -> 37 | AZ8: =IF(Y8>0,LARGE(U8:AL8,3),0) -> 183 | BA8: =IFERROR(__xludf.DUMMYFUNCTION("IF(Y8>0,SMALL(FILTER(U8:AL8, U8:AL8<>0), 3),0)"),149.0) -> 149 | BB8: =AZ8-BA8 -> 34
A9: =Spieler!A10 -> 5 | B9: =VLOOKUP(A9,Spieler!A:F,2,0) -> 38934 | C9: =IF(B9=0,0,VLOOKUP(B9,Datensammler!B:U,3,0)) -> 134 | D9: =IF(B9=0,0,VLOOKUP(B9,Datensammler!B:U,4,0)) -> 132 | E9: =IF(B9=0,0,VLOOKUP(B9,Datensammler!B:U,5,0)) -> 120 | F9: =IF(B9=0,0,VLOOKUP(B9,Datensammler!B:U,6,0)) -> 136 | G9: =IF(B9=0,0,VLOOKUP(B9,Datensammler!B:U,7,0)) -> 160 | H9: =IF(B9=0,0,VLOOKUP(B9,Datensammler!B:U,8,0)) -> 148 | I9: =IF(B9=0,0,VLOOKUP(B9,Datensammler!B:U,9,0)) -> 134 | J9: =IF(B9=0,0,VLOOKUP(B9,Datensammler!B:U,10,0)) -> 145 | K9: =IF(B9=0,0,VLOOKUP(B9,Datensammler!B:U,11,0)) -> 125 | L9: =IF(B9=0,0,VLOOKUP(B9,Datensammler!B:U,12,0)) -> 123 | M9: =IF(B9=0,0,VLOOKUP(B9,Datensammler!B:U,13,0)) -> 191 | N9: =IF(B9=0,0,VLOOKUP(B9,Datensammler!B:U,14,0)) -> 153 | O9: =IF(B9=0,0,VLOOKUP(B9,Datensammler!B:U,15,0)) | P9: =IF(B9=0,0,VLOOKUP(B9,Datensammler!B:U,16,0)) | Q9: =IF(B9=0,0,VLOOKUP(B9,Datensammler!B:U,17,0)) | R9: =IF(B9=0,0,VLOOKUP(B9,Datensammler!B:U,18,0)) | S9: =IF(B9=0,0,VLOOKUP(B9,Datensammler!B:U,19,0)) | T9: =IF(B9=0,0,VLOOKUP(B9,Datensammler!B:U,20,0)) | U9: =C9 -> 134 | V9: =D9 -> 132 | W9: =E9 -> 120 | X9: =F9 -> 136 | Y9: =G9 -> 160 | Z9: =H9 -> 148 | AA9: =I9 -> 134 | AB9: =J9 -> 145 | ... AL9: =T9 | AP9: =IF(V9>0,LARGE(U9:AL9,1),0) -> 191 | AQ9: =IFERROR(__xludf.DUMMYFUNCTION("IF(V9>0,MIN(FILTER(U9:AL9, U9:AL9<>0)),0)"),120.0) -> 120 | AS9: =AP9-AQ9 -> 71 | AU9: =COUNTIF(C9:T9, ">0") -> 12 | AW9: =IF(X9>0,LARGE(U9:AL9,2),0) -> 160 | AX9: =IFERROR(__xludf.DUMMYFUNCTION("IF(X9>0,SMALL(FILTER(U9:AL9, U9:AL9<>0), 2),0)"),123.0) -> 123 | AY9: =IF(V9=0,0,AW9-AX9) -> 37 | AZ9: =IF(Y9>0,LARGE(U9:AL9,3),0) -> 153 | BA9: =IFERROR(__xludf.DUMMYFUNCTION("IF(Y9>0,SMALL(FILTER(U9:AL9, U9:AL9<>0), 3),0)"),125.0) -> 125 | BB9: =AZ9-BA9 -> 28
A10: =Spieler!A11 -> 6 | B10: =VLOOKUP(A10,Spieler!A:F,2,0) -> 16595 | C10: =IF(B10=0,0,VLOOKUP(B10,Datensammler!B:U,3,0)) -> 177 | D10: =IF(B10=0,0,VLOOKUP(B10,Datensammler!B:U,4,0)) -> 162 | E10: =IF(B10=0,0,VLOOKUP(B10,Datensammler!B:U,5,0)) -> 196 | F10: =IF(B10=0,0,VLOOKUP(B10,Datensammler!B:U,6,0)) -> 136 | G10: =IF(B10=0,0,VLOOKUP(B10,Datensammler!B:U,7,0)) -> 165 | H10: =IF(B10=0,0,VLOOKUP(B10,Datensammler!B:U,8,0)) -> 153 | I10: =IF(B10=0,0,VLOOKUP(B10,Datensammler!B:U,9,0)) -> 141 | J10: =IF(B10=0,0,VLOOKUP(B10,Datensammler!B:U,10,0)) -> 166 | K10: =IF(B10=0,0,VLOOKUP(B10,Datensammler!B:U,11,0)) -> 164 | L10: =IF(B10=0,0,VLOOKUP(B10,Datensammler!B:U,12,0)) -> 194 | M10: =IF(B10=0,0,VLOOKUP(B10,Datensammler!B:U,13,0)) -> 191 | N10: =IF(B10=0,0,VLOOKUP(B10,Datensammler!B:U,14,0)) -> 152 | O10: =IF(B10=0,0,VLOOKUP(B10,Datensammler!B:U,15,0)) | P10: =IF(B10=0,0,VLOOKUP(B10,Datensammler!B:U,16,0)) | Q10: =IF(B10=0,0,VLOOKUP(B10,Datensammler!B:U,17,0)) | R10: =IF(B10=0,0,VLOOKUP(B10,Datensammler!B:U,18,0)) | S10: =IF(B10=0,0,VLOOKUP(B10,Datensammler!B:U,19,0)) | T10: =IF(B10=0,0,VLOOKUP(B10,Datensammler!B:U,20,0)) | U10: =C10 -> 177 | V10: =D10 -> 162 | W10: =E10 -> 196 | X10: =F10 -> 136 | Y10: =G10 -> 165 | Z10: =H10 -> 153 | AA10: =I10 -> 141 | AB10: =J10 -> 166 | ... AL10: =T10 | AP10: =IF(V10>0,LARGE(U10:AL10,1),0) -> 196 | AQ10: =IFERROR(__xludf.DUMMYFUNCTION("IF(V10>0,MIN(FILTER(U10:AL10, U10:AL10<>0)),0)"),136.0) -> 136 | AS10: =AP10-AQ10 -> 60 | AU10: =COUNTIF(C10:T10, ">0") -> 12 | AW10: =IF(X10>0,LARGE(U10:AL10,2),0) -> 194 | AX10: =IFERROR(__xludf.DUMMYFUNCTION("IF(X10>0,SMALL(FILTER(U10:AL10, U10:AL10<>0), 2),0)"),141.0) -> 141 | AY10: =IF(V10=0,0,AW10-AX10) -> 53 | AZ10: =IF(Y10>0,LARGE(U10:AL10,3),0) -> 191 | BA10: =IFERROR(__xludf.DUMMYFUNCTION("IF(Y10>0,SMALL(FILTER(U10:AL10, U10:AL10<>0), 3),0)"),152.0) -> 152 | BB10: =AZ10-BA10 -> 39
A11: =Spieler!A12 -> 7 | B11: =VLOOKUP(A11,Spieler!A:F,2,0) -> 16594 | C11: =IF(B11=0,0,VLOOKUP(B11,Datensammler!B:U,3,0)) -> 200 | D11: =IF(B11=0,0,VLOOKUP(B11,Datensammler!B:U,4,0)) -> 152 | E11: =IF(B11=0,0,VLOOKUP(B11,Datensammler!B:U,5,0)) -> 161 | F11: =IF(B11=0,0,VLOOKUP(B11,Datensammler!B:U,6,0)) -> 178 | G11: =IF(B11=0,0,VLOOKUP(B11,Datensammler!B:U,7,0)) -> 159 | H11: =IF(B11=0,0,VLOOKUP(B11,Datensammler!B:U,8,0)) -> 170 | I11: =IF(B11=0,0,VLOOKUP(B11,Datensammler!B:U,9,0)) -> 172 | J11: =IF(B11=0,0,VLOOKUP(B11,Datensammler!B:U,10,0)) -> 145 | K11: =IF(B11=0,0,VLOOKUP(B11,Datensammler!B:U,11,0)) -> 144 | L11: =IF(B11=0,0,VLOOKUP(B11,Datensammler!B:U,12,0)) -> 169 | M11: =IF(B11=0,0,VLOOKUP(B11,Datensammler!B:U,13,0)) -> 153 | N11: =IF(B11=0,0,VLOOKUP(B11,Datensammler!B:U,14,0)) -> 156 | O11: =IF(B11=0,0,VLOOKUP(B11,Datensammler!B:U,15,0)) | P11: =IF(B11=0,0,VLOOKUP(B11,Datensammler!B:U,16,0)) | Q11: =IF(B11=0,0,VLOOKUP(B11,Datensammler!B:U,17,0)) | R11: =IF(B11=0,0,VLOOKUP(B11,Datensammler!B:U,18,0)) | S11: =IF(B11=0,0,VLOOKUP(B11,Datensammler!B:U,19,0)) | T11: =IF(B11=0,0,VLOOKUP(B11,Datensammler!B:U,20,0)) | U11: =C11 -> 200 | V11: =D11 -> 152 | W11: =E11 -> 161 | X11: =F11 -> 178 | Y11: =G11 -> 159 | Z11: =H11 -> 170 | AA11: =I11 -> 172 | AB11: =J11 -> 145 | ... AL11: =T11 | AP11: =IF(V11>0,LARGE(U11:AL11,1),0) -> 200 | AQ11: =IFERROR(__xludf.DUMMYFUNCTION("IF(V11>0,MIN(FILTER(U11:AL11, U11:AL11<>0)),0)"),144.0) -> 144 | AS11: =AP11-AQ11 -> 56 | AU11: =COUNTIF(C11:T11, ">0") -> 12 | AW11: =IF(X11>0,LARGE(U11:AL11,2),0) -> 178 | AX11: =IFERROR(__xludf.DUMMYFUNCTION("IF(X11>0,SMALL(FILTER(U11:AL11, U11:AL11<>0), 2),0)"),145.0) -> 145 | AY11: =IF(V11=0,0,AW11-AX11) -> 33 | AZ11: =IF(Y11>0,LARGE(U11:AL11,3),0) -> 172 | BA11: =IFERROR(__xludf.DUMMYFUNCTION("IF(Y11>0,SMALL(FILTER(U11:AL11, U11:AL11<>0), 3),0)"),152.0) -> 152 | BB11: =AZ11-BA11 -> 20
A12: =Spieler!A13 -> 8 | B12: =VLOOKUP(A12,Spieler!A:F,2,0) -> 38931 | C12: =IF(B12=0,0,VLOOKUP(B12,Datensammler!B:U,3,0)) -> 153 | D12: =IF(B12=0,0,VLOOKUP(B12,Datensammler!B:U,4,0)) -> 202 | E12: =IF(B12=0,0,VLOOKUP(B12,Datensammler!B:U,5,0)) -> 141 | F12: =IF(B12=0,0,VLOOKUP(B12,Datensammler!B:U,6,0)) -> 141 | G12: =IF(B12=0,0,VLOOKUP(B12,Datensammler!B:U,7,0)) -> 148 | H12: =IF(B12=0,0,VLOOKUP(B12,Datensammler!B:U,8,0)) -> 186 | I12: =IF(B12=0,0,VLOOKUP(B12,Datensammler!B:U,9,0)) -> 142 | J12: =IF(B12=0,0,VLOOKUP(B12,Datensammler!B:U,10,0)) -> 185 | K12: =IF(B12=0,0,VLOOKUP(B12,Datensammler!B:U,11,0)) -> 149 | L12: =IF(B12=0,0,VLOOKUP(B12,Datensammler!B:U,12,0)) -> 179 | M12: =IF(B12=0,0,VLOOKUP(B12,Datensammler!B:U,13,0)) -> 160 | N12: =IF(B12=0,0,VLOOKUP(B12,Datensammler!B:U,14,0)) -> 169 | O12: =IF(B12=0,0,VLOOKUP(B12,Datensammler!B:U,15,0)) | P12: =IF(B12=0,0,VLOOKUP(B12,Datensammler!B:U,16,0)) | Q12: =IF(B12=0,0,VLOOKUP(B12,Datensammler!B:U,17,0)) | R12: =IF(B12=0,0,VLOOKUP(B12,Datensammler!B:U,18,0)) | S12: =IF(B12=0,0,VLOOKUP(B12,Datensammler!B:U,19,0)) | T12: =IF(B12=0,0,VLOOKUP(B12,Datensammler!B:U,20,0)) | U12: =C12 -> 153 | V12: =D12 -> 202 | W12: =E12 -> 141 | X12: =F12 -> 141 | Y12: =G12 -> 148 | Z12: =H12 -> 186 | AA12: =I12 -> 142 | AB12: =J12 -> 185 | ... AL12: =T12 | AP12: =IF(V12>0,LARGE(U12:AL12,1),0) -> 202 | AQ12: =IFERROR(__xludf.DUMMYFUNCTION("IF(V12>0,MIN(FILTER(U12:AL12, U12:AL12<>0)),0)"),141.0) -> 141 | AS12: =AP12-AQ12 -> 61 | AU12: =COUNTIF(C12:T12, ">0") -> 12 | AW12: =IF(X12>0,LARGE(U12:AL12,2),0) -> 186 | AX12: =IFERROR(__xludf.DUMMYFUNCTION("IF(X12>0,SMALL(FILTER(U12:AL12, U12:AL12<>0), 2),0)"),141.0) -> 141 | AY12: =IF(V12=0,0,AW12-AX12) -> 45 | AZ12: =IF(Y12>0,LARGE(U12:AL12,3),0) -> 185 | BA12: =IFERROR(__xludf.DUMMYFUNCTION("IF(Y12>0,SMALL(FILTER(U12:AL12, U12:AL12<>0), 3),0)"),142.0) -> 142 | BB12: =AZ12-BA12 -> 43
A13: =Spieler!A14 -> 9 | B13: =VLOOKUP(A13,Spieler!A:F,2,0) -> 38045 | C13: =IF(B13=0,0,VLOOKUP(B13,Datensammler!B:U,3,0)) -> 201 | D13: =IF(B13=0,0,VLOOKUP(B13,Datensammler!B:U,4,0)) -> 223 | E13: =IF(B13=0,0,VLOOKUP(B13,Datensammler!B:U,5,0)) -> 196 | F13: =IF(B13=0,0,VLOOKUP(B13,Datensammler!B:U,6,0)) -> 191 | G13: =IF(B13=0,0,VLOOKUP(B13,Datensammler!B:U,7,0)) -> 181 | H13: =IF(B13=0,0,VLOOKUP(B13,Datensammler!B:U,8,0)) -> 208 | I13: =IF(B13=0,0,VLOOKUP(B13,Datensammler!B:U,9,0)) -> 198 | J13: =IF(B13=0,0,VLOOKUP(B13,Datensammler!B:U,10,0)) -> 234 | K13: =IF(B13=0,0,VLOOKUP(B13,Datensammler!B:U,11,0)) -> 170 | L13: =IF(B13=0,0,VLOOKUP(B13,Datensammler!B:U,12,0)) -> 219 | M13: =IF(B13=0,0,VLOOKUP(B13,Datensammler!B:U,13,0)) -> 214 | N13: =IF(B13=0,0,VLOOKUP(B13,Datensammler!B:U,14,0)) -> 206 | O13: =IF(B13=0,0,VLOOKUP(B13,Datensammler!B:U,15,0)) | P13: =IF(B13=0,0,VLOOKUP(B13,Datensammler!B:U,16,0)) | Q13: =IF(B13=0,0,VLOOKUP(B13,Datensammler!B:U,17,0)) | R13: =IF(B13=0,0,VLOOKUP(B13,Datensammler!B:U,18,0)) | S13: =IF(B13=0,0,VLOOKUP(B13,Datensammler!B:U,19,0)) | T13: =IF(B13=0,0,VLOOKUP(B13,Datensammler!B:U,20,0)) | U13: =C13 -> 201 | V13: =D13 -> 223 | W13: =E13 -> 196 | X13: =F13 -> 191 | Y13: =G13 -> 181 | Z13: =H13 -> 208 | AA13: =I13 -> 198 | AB13: =J13 -> 234 | ... AL13: =T13 | AP13: =IF(V13>0,LARGE(U13:AL13,1),0) -> 234 | AQ13: =IFERROR(__xludf.DUMMYFUNCTION("IF(V13>0,MIN(FILTER(U13:AL13, U13:AL13<>0)),0)"),170.0) -> 170 | AS13: =AP13-AQ13 -> 64 | AU13: =COUNTIF(C13:T13, ">0") -> 12 | AW13: =IF(X13>0,LARGE(U13:AL13,2),0) -> 223 | AX13: =IFERROR(__xludf.DUMMYFUNCTION("IF(X13>0,SMALL(FILTER(U13:AL13, U13:AL13<>0), 2),0)"),181.0) -> 181 | AY13: =IF(V13=0,0,AW13-AX13) -> 42 | AZ13: =IF(Y13>0,LARGE(U13:AL13,3),0) -> 219 | BA13: =IFERROR(__xludf.DUMMYFUNCTION("IF(Y13>0,SMALL(FILTER(U13:AL13, U13:AL13<>0), 3),0)"),191.0) -> 191 | BB13: =AZ13-BA13 -> 28
A14: =Spieler!A15 -> 10 | B14: =VLOOKUP(A14,Spieler!A:F,2,0) -> 38876 | C14: =IF(B14=0,0,VLOOKUP(B14,Datensammler!B:U,3,0)) -> 125 | D14: =IF(B14=0,0,VLOOKUP(B14,Datensammler!B:U,4,0)) -> 140 | E14: =IF(B14=0,0,VLOOKUP(B14,Datensammler!B:U,5,0)) -> 157 | F14: =IF(B14=0,0,VLOOKUP(B14,Datensammler!B:U,6,0)) -> 211 | G14: =IF(B14=0,0,VLOOKUP(B14,Datensammler!B:U,7,0)) -> 175 | H14: =IF(B14=0,0,VLOOKUP(B14,Datensammler!B:U,8,0)) -> 116 | I14: =IF(B14=0,0,VLOOKUP(B14,Datensammler!B:U,9,0)) -> 146 | J14: =IF(B14=0,0,VLOOKUP(B14,Datensammler!B:U,10,0)) -> 157 | K14: =IF(B14=0,0,VLOOKUP(B14,Datensammler!B:U,11,0)) -> 138 | L14: =IF(B14=0,0,VLOOKUP(B14,Datensammler!B:U,12,0)) -> 157 | M14: =IF(B14=0,0,VLOOKUP(B14,Datensammler!B:U,13,0)) -> 144 | N14: =IF(B14=0,0,VLOOKUP(B14,Datensammler!B:U,14,0)) -> 157 | O14: =IF(B14=0,0,VLOOKUP(B14,Datensammler!B:U,15,0)) | P14: =IF(B14=0,0,VLOOKUP(B14,Datensammler!B:U,16,0)) | Q14: =IF(B14=0,0,VLOOKUP(B14,Datensammler!B:U,17,0)) | R14: =IF(B14=0,0,VLOOKUP(B14,Datensammler!B:U,18,0)) | S14: =IF(B14=0,0,VLOOKUP(B14,Datensammler!B:U,19,0)) | T14: =IF(B14=0,0,VLOOKUP(B14,Datensammler!B:U,20,0)) | U14: =C14 -> 125 | V14: =D14 -> 140 | W14: =E14 -> 157 | X14: =F14 -> 211 | Y14: =G14 -> 175 | Z14: =H14 -> 116 | AA14: =I14 -> 146 | AB14: =J14 -> 157 | ... AL14: =T14 | AP14: =IF(V14>0,LARGE(U14:AL14,1),0) -> 211 | AQ14: =IFERROR(__xludf.DUMMYFUNCTION("IF(V14>0,MIN(FILTER(U14:AL14, U14:AL14<>0)),0)"),116.0) -> 116 | AS14: =AP14-AQ14 -> 95 | AU14: =COUNTIF(C14:T14, ">0") -> 12 | AW14: =IF(X14>0,LARGE(U14:AL14,2),0) -> 175 | AX14: =IFERROR(__xludf.DUMMYFUNCTION("IF(X14>0,SMALL(FILTER(U14:AL14, U14:AL14<>0), 2),0)"),125.0) -> 125 | AY14: =IF(V14=0,0,AW14-AX14) -> 50 | AZ14: =IF(Y14>0,LARGE(U14:AL14,3),0) -> 157 | BA14: =IFERROR(__xludf.DUMMYFUNCTION("IF(Y14>0,SMALL(FILTER(U14:AL14, U14:AL14<>0), 3),0)"),138.0) -> 138 | BB14: =AZ14-BA14 -> 19
A15: =Spieler!A16 -> 11 | B15: =VLOOKUP(A15,Spieler!A:F,2,0) -> 38780 | C15: =IF(B15=0,0,VLOOKUP(B15,Datensammler!B:U,3,0)) -> 140 | D15: =IF(B15=0,0,VLOOKUP(B15,Datensammler!B:U,4,0)) -> 165 | E15: =IF(B15=0,0,VLOOKUP(B15,Datensammler!B:U,5,0)) -> 144 | F15: =IF(B15=0,0,VLOOKUP(B15,Datensammler!B:U,6,0)) -> 165 | G15: =IF(B15=0,0,VLOOKUP(B15,Datensammler!B:U,7,0)) -> 136 | H15: =IF(B15=0,0,VLOOKUP(B15,Datensammler!B:U,8,0)) -> 145 | I15: =IF(B15=0,0,VLOOKUP(B15,Datensammler!B:U,9,0)) -> 166 | J15: =IF(B15=0,0,VLOOKUP(B15,Datensammler!B:U,10,0)) -> 174 | K15: =IF(B15=0,0,VLOOKUP(B15,Datensammler!B:U,11,0)) -> 147 | L15: =IF(B15=0,0,VLOOKUP(B15,Datensammler!B:U,12,0)) -> 126 | M15: =IF(B15=0,0,VLOOKUP(B15,Datensammler!B:U,13,0)) -> 153 | N15: =IF(B15=0,0,VLOOKUP(B15,Datensammler!B:U,14,0)) -> 138 | O15: =IF(B15=0,0,VLOOKUP(B15,Datensammler!B:U,15,0)) | P15: =IF(B15=0,0,VLOOKUP(B15,Datensammler!B:U,16,0)) | Q15: =IF(B15=0,0,VLOOKUP(B15,Datensammler!B:U,17,0)) | R15: =IF(B15=0,0,VLOOKUP(B15,Datensammler!B:U,18,0)) | S15: =IF(B15=0,0,VLOOKUP(B15,Datensammler!B:U,19,0)) | T15: =IF(B15=0,0,VLOOKUP(B15,Datensammler!B:U,20,0)) | U15: =C15 -> 140 | V15: =D15 -> 165 | W15: =E15 -> 144 | X15: =F15 -> 165 | Y15: =G15 -> 136 | Z15: =H15 -> 145 | AA15: =I15 -> 166 | AB15: =J15 -> 174 | ... AL15: =T15 | AP15: =IF(V15>0,LARGE(U15:AL15,1),0) -> 174 | AQ15: =IFERROR(__xludf.DUMMYFUNCTION("IF(V15>0,MIN(FILTER(U15:AL15, U15:AL15<>0)),0)"),126.0) -> 126 | AS15: =AP15-AQ15 -> 48 | AU15: =COUNTIF(C15:T15, ">0") -> 12 | AW15: =IF(X15>0,LARGE(U15:AL15,2),0) -> 166 | AX15: =IFERROR(__xludf.DUMMYFUNCTION("IF(X15>0,SMALL(FILTER(U15:AL15, U15:AL15<>0), 2),0)"),136.0) -> 136 | AY15: =IF(V15=0,0,AW15-AX15) -> 30 | AZ15: =IF(Y15>0,LARGE(U15:AL15,3),0) -> 165 | BA15: =IFERROR(__xludf.DUMMYFUNCTION("IF(Y15>0,SMALL(FILTER(U15:AL15, U15:AL15<>0), 3),0)"),138.0) -> 138 | BB15: =AZ15-BA15 -> 27
A16: =Spieler!A17 -> 12 | B16: =VLOOKUP(A16,Spieler!A:F,2,0) -> 38789 | C16: =IF(B16=0,0,VLOOKUP(B16,Datensammler!B:U,3,0)) -> 118 | D16: =IF(B16=0,0,VLOOKUP(B16,Datensammler!B:U,4,0)) -> 144 | E16: =IF(B16=0,0,VLOOKUP(B16,Datensammler!B:U,5,0)) -> 128 | F16: =IF(B16=0,0,VLOOKUP(B16,Datensammler!B:U,6,0)) -> 102 | G16: =IF(B16=0,0,VLOOKUP(B16,Datensammler!B:U,7,0)) -> 112 | H16: =IF(B16=0,0,VLOOKUP(B16,Datensammler!B:U,8,0)) -> 172 | I16: =IF(B16=0,0,VLOOKUP(B16,Datensammler!B:U,9,0)) -> 135 | J16: =IF(B16=0,0,VLOOKUP(B16,Datensammler!B:U,10,0)) -> 141 | K16: =IF(B16=0,0,VLOOKUP(B16,Datensammler!B:U,11,0)) -> 118 | L16: =IF(B16=0,0,VLOOKUP(B16,Datensammler!B:U,12,0)) -> 119 | M16: =IF(B16=0,0,VLOOKUP(B16,Datensammler!B:U,13,0)) -> 158 | N16: =IF(B16=0,0,VLOOKUP(B16,Datensammler!B:U,14,0)) -> 127 | O16: =IF(B16=0,0,VLOOKUP(B16,Datensammler!B:U,15,0)) | P16: =IF(B16=0,0,VLOOKUP(B16,Datensammler!B:U,16,0)) | Q16: =IF(B16=0,0,VLOOKUP(B16,Datensammler!B:U,17,0)) | R16: =IF(B16=0,0,VLOOKUP(B16,Datensammler!B:U,18,0)) | S16: =IF(B16=0,0,VLOOKUP(B16,Datensammler!B:U,19,0)) | T16: =IF(B16=0,0,VLOOKUP(B16,Datensammler!B:U,20,0)) | U16: =C16 -> 118 | V16: =D16 -> 144 | W16: =E16 -> 128 | X16: =F16 -> 102 | Y16: =G16 -> 112 | Z16: =H16 -> 172 | AA16: =I16 -> 135 | AB16: =J16 -> 141 | ... AL16: =T16 | AP16: =IF(V16>0,LARGE(U16:AL16,1),0) -> 172 | AQ16: =IFERROR(__xludf.DUMMYFUNCTION("IF(V16>0,MIN(FILTER(U16:AL16, U16:AL16<>0)),0)"),102.0) -> 102 | AS16: =AP16-AQ16 -> 70 | AU16: =COUNTIF(C16:T16, ">0") -> 12 | AW16: =IF(X16>0,LARGE(U16:AL16,2),0) -> 158 | AX16: =IFERROR(__xludf.DUMMYFUNCTION("IF(X16>0,SMALL(FILTER(U16:AL16, U16:AL16<>0), 2),0)"),112.0) -> 112 | AY16: =IF(V16=0,0,AW16-AX16) -> 46 | AZ16: =IF(Y16>0,LARGE(U16:AL16,3),0) -> 144 | BA16: =IFERROR(__xludf.DUMMYFUNCTION("IF(Y16>0,SMALL(FILTER(U16:AL16, U16:AL16<>0), 3),0)"),118.0) -> 118 | BB16: =AZ16-BA16 -> 26
A17: =Spieler!A18 -> 13 | B17: =VLOOKUP(A17,Spieler!A:F,2,0) -> 38173 | C17: =IF(B17=0,0,VLOOKUP(B17,Datensammler!B:U,3,0)) -> 175 | D17: =IF(B17=0,0,VLOOKUP(B17,Datensammler!B:U,4,0)) -> 147 | E17: =IF(B17=0,0,VLOOKUP(B17,Datensammler!B:U,5,0)) -> 132 | F17: =IF(B17=0,0,VLOOKUP(B17,Datensammler!B:U,6,0)) -> 136 | G17: =IF(B17=0,0,VLOOKUP(B17,Datensammler!B:U,7,0)) -> 144 | H17: =IF(B17=0,0,VLOOKUP(B17,Datensammler!B:U,8,0)) -> 133 | I17: =IF(B17=0,0,VLOOKUP(B17,Datensammler!B:U,9,0)) -> 159 | J17: =IF(B17=0,0,VLOOKUP(B17,Datensammler!B:U,10,0)) -> 168 | K17: =IF(B17=0,0,VLOOKUP(B17,Datensammler!B:U,11,0)) -> 160 | L17: =IF(B17=0,0,VLOOKUP(B17,Datensammler!B:U,12,0)) -> 136 | M17: =IF(B17=0,0,VLOOKUP(B17,Datensammler!B:U,13,0)) -> 139 | N17: =IF(B17=0,0,VLOOKUP(B17,Datensammler!B:U,14,0)) -> 155 | O17: =IF(B17=0,0,VLOOKUP(B17,Datensammler!B:U,15,0)) | P17: =IF(B17=0,0,VLOOKUP(B17,Datensammler!B:U,16,0)) | Q17: =IF(B17=0,0,VLOOKUP(B17,Datensammler!B:U,17,0)) | R17: =IF(B17=0,0,VLOOKUP(B17,Datensammler!B:U,18,0)) | S17: =IF(B17=0,0,VLOOKUP(B17,Datensammler!B:U,19,0)) | T17: =IF(B17=0,0,VLOOKUP(B17,Datensammler!B:U,20,0)) | U17: =C17 -> 175 | V17: =D17 -> 147 | W17: =E17 -> 132 | X17: =F17 -> 136 | Y17: =G17 -> 144 | Z17: =H17 -> 133 | AA17: =I17 -> 159 | AB17: =J17 -> 168 | ... AL17: =T17 | AP17: =IF(V17>0,LARGE(U17:AL17,1),0) -> 175 | AQ17: =IFERROR(__xludf.DUMMYFUNCTION("IF(V17>0,MIN(FILTER(U17:AL17, U17:AL17<>0)),0)"),132.0) -> 132 | AS17: =AP17-AQ17 -> 43 | AU17: =COUNTIF(C17:T17, ">0") -> 12 | AW17: =IF(X17>0,LARGE(U17:AL17,2),0) -> 168 | AX17: =IFERROR(__xludf.DUMMYFUNCTION("IF(X17>0,SMALL(FILTER(U17:AL17, U17:AL17<>0), 2),0)"),133.0) -> 133 | AY17: =IF(V17=0,0,AW17-AX17) -> 35 | AZ17: =IF(Y17>0,LARGE(U17:AL17,3),0) -> 160 | BA17: =IFERROR(__xludf.DUMMYFUNCTION("IF(Y17>0,SMALL(FILTER(U17:AL17, U17:AL17<>0), 3),0)"),136.0) -> 136 | BB17: =AZ17-BA17 -> 24
A18: =Spieler!A19 -> 14 | B18: =VLOOKUP(A18,Spieler!A:F,2,0) -> 36696 | C18: =IF(B18=0,0,VLOOKUP(B18,Datensammler!B:U,3,0)) -> 169 | D18: =IF(B18=0,0,VLOOKUP(B18,Datensammler!B:U,4,0)) -> 227 | E18: =IF(B18=0,0,VLOOKUP(B18,Datensammler!B:U,5,0)) -> 202 | F18: =IF(B18=0,0,VLOOKUP(B18,Datensammler!B:U,6,0)) -> 245 | G18: =IF(B18=0,0,VLOOKUP(B18,Datensammler!B:U,7,0)) -> 255 | H18: =IF(B18=0,0,VLOOKUP(B18,Datensammler!B:U,8,0)) -> 178 | I18: =IF(B18=0,0,VLOOKUP(B18,Datensammler!B:U,9,0)) -> 182 | J18: =IF(B18=0,0,VLOOKUP(B18,Datensammler!B:U,10,0)) -> 164 | K18: =IF(B18=0,0,VLOOKUP(B18,Datensammler!B:U,11,0)) -> 191 | L18: =IF(B18=0,0,VLOOKUP(B18,Datensammler!B:U,12,0)) -> 170 | M18: =IF(B18=0,0,VLOOKUP(B18,Datensammler!B:U,13,0)) -> 198 | N18: =IF(B18=0,0,VLOOKUP(B18,Datensammler!B:U,14,0)) -> 165 | O18: =IF(B18=0,0,VLOOKUP(B18,Datensammler!B:U,15,0)) | P18: =IF(B18=0,0,VLOOKUP(B18,Datensammler!B:U,16,0)) | Q18: =IF(B18=0,0,VLOOKUP(B18,Datensammler!B:U,17,0)) | R18: =IF(B18=0,0,VLOOKUP(B18,Datensammler!B:U,18,0)) | S18: =IF(B18=0,0,VLOOKUP(B18,Datensammler!B:U,19,0)) | T18: =IF(B18=0,0,VLOOKUP(B18,Datensammler!B:U,20,0)) | U18: =C18 -> 169 | V18: =D18 -> 227 | W18: =E18 -> 202 | X18: =F18 -> 245 | Y18: =G18 -> 255 | Z18: =H18 -> 178 | AA18: =I18 -> 182 | AB18: =J18 -> 164 | ... AL18: =T18 | AP18: =IF(V18>0,LARGE(U18:AL18,1),0) -> 255 | AQ18: =IFERROR(__xludf.DUMMYFUNCTION("IF(V18>0,MIN(FILTER(U18:AL18, U18:AL18<>0)),0)"),164.0) -> 164 | AS18: =AP18-AQ18 -> 91 | AU18: =COUNTIF(C18:T18, ">0") -> 12 | AW18: =IF(X18>0,LARGE(U18:AL18,2),0) -> 245 | AX18: =IFERROR(__xludf.DUMMYFUNCTION("IF(X18>0,SMALL(FILTER(U18:AL18, U18:AL18<>0), 2),0)"),165.0) -> 165 | AY18: =IF(V18=0,0,AW18-AX18) -> 80 | AZ18: =IF(Y18>0,LARGE(U18:AL18,3),0) -> 227 | BA18: =IFERROR(__xludf.DUMMYFUNCTION("IF(Y18>0,SMALL(FILTER(U18:AL18, U18:AL18<>0), 3),0)"),169.0) -> 169 | BB18: =AZ18-BA18 -> 58
A19: =Spieler!A20 -> 15 | B19: =VLOOKUP(A19,Spieler!A:F,2,0) -> 7083 | C19: =IF(B19=0,0,VLOOKUP(B19,Datensammler!B:U,3,0)) -> 215 | D19: =IF(B19=0,0,VLOOKUP(B19,Datensammler!B:U,4,0)) -> 134 | E19: =IF(B19=0,0,VLOOKUP(B19,Datensammler!B:U,5,0)) -> 182 | F19: =IF(B19=0,0,VLOOKUP(B19,Datensammler!B:U,6,0)) -> 247 | G19: =IF(B19=0,0,VLOOKUP(B19,Datensammler!B:U,7,0)) -> 149 | H19: =IF(B19=0,0,VLOOKUP(B19,Datensammler!B:U,8,0)) -> 226 | I19: =IF(B19=0,0,VLOOKUP(B19,Datensammler!B:U,9,0)) -> 200 | J19: =IF(B19=0,0,VLOOKUP(B19,Datensammler!B:U,10,0)) -> 200 | K19: =IF(B19=0,0,VLOOKUP(B19,Datensammler!B:U,11,0)) -> 203 | L19: =IF(B19=0,0,VLOOKUP(B19,Datensammler!B:U,12,0)) -> 166 | M19: =IF(B19=0,0,VLOOKUP(B19,Datensammler!B:U,13,0)) -> 197 | N19: =IF(B19=0,0,VLOOKUP(B19,Datensammler!B:U,14,0)) -> 150 | O19: =IF(B19=0,0,VLOOKUP(B19,Datensammler!B:U,15,0)) | P19: =IF(B19=0,0,VLOOKUP(B19,Datensammler!B:U,16,0)) | Q19: =IF(B19=0,0,VLOOKUP(B19,Datensammler!B:U,17,0)) | R19: =IF(B19=0,0,VLOOKUP(B19,Datensammler!B:U,18,0)) | S19: =IF(B19=0,0,VLOOKUP(B19,Datensammler!B:U,19,0)) | T19: =IF(B19=0,0,VLOOKUP(B19,Datensammler!B:U,20,0)) | U19: =C19 -> 215 | V19: =D19 -> 134 | W19: =E19 -> 182 | X19: =F19 -> 247 | Y19: =G19 -> 149 | Z19: =H19 -> 226 | AA19: =I19 -> 200 | AB19: =J19 -> 200 | ... AL19: =T19 | AP19: =IF(V19>0,LARGE(U19:AL19,1),0) -> 247 | AQ19: =IFERROR(__xludf.DUMMYFUNCTION("IF(V19>0,MIN(FILTER(U19:AL19, U19:AL19<>0)),0)"),134.0) -> 134 | AS19: =AP19-AQ19 -> 113 | AU19: =COUNTIF(C19:T19, ">0") -> 12 | AW19: =IF(X19>0,LARGE(U19:AL19,2),0) -> 226 | AX19: =IFERROR(__xludf.DUMMYFUNCTION("IF(X19>0,SMALL(FILTER(U19:AL19, U19:AL19<>0), 2),0)"),149.0) -> 149 | AY19: =IF(V19=0,0,AW19-AX19) -> 77 | AZ19: =IF(Y19>0,LARGE(U19:AL19,3),0) -> 215 | BA19: =IFERROR(__xludf.DUMMYFUNCTION("IF(Y19>0,SMALL(FILTER(U19:AL19, U19:AL19<>0), 3),0)"),150.0) -> 150 | BB19: =AZ19-BA19 -> 65
A20: =Spieler!A21 -> 16 | B20: =VLOOKUP(A20,Spieler!A:F,2,0) -> 38555 | C20: =IF(B20=0,0,VLOOKUP(B20,Datensammler!B:U,3,0)) -> 170 | D20: =IF(B20=0,0,VLOOKUP(B20,Datensammler!B:U,4,0)) -> 146 | E20: =IF(B20=0,0,VLOOKUP(B20,Datensammler!B:U,5,0)) -> 151 | F20: =IF(B20=0,0,VLOOKUP(B20,Datensammler!B:U,6,0)) -> 139 | G20: =IF(B20=0,0,VLOOKUP(B20,Datensammler!B:U,7,0)) -> 132 | H20: =IF(B20=0,0,VLOOKUP(B20,Datensammler!B:U,8,0)) -> 125 | I20: =IF(B20=0,0,VLOOKUP(B20,Datensammler!B:U,9,0)) -> 160 | J20: =IF(B20=0,0,VLOOKUP(B20,Datensammler!B:U,10,0)) -> 178 | K20: =IF(B20=0,0,VLOOKUP(B20,Datensammler!B:U,11,0)) -> 145 | L20: =IF(B20=0,0,VLOOKUP(B20,Datensammler!B:U,12,0)) -> 170 | M20: =IF(B20=0,0,VLOOKUP(B20,Datensammler!B:U,13,0)) -> 166 | N20: =IF(B20=0,0,VLOOKUP(B20,Datensammler!B:U,14,0)) -> 168 | O20: =IF(B20=0,0,VLOOKUP(B20,Datensammler!B:U,15,0)) | P20: =IF(B20=0,0,VLOOKUP(B20,Datensammler!B:U,16,0)) | Q20: =IF(B20=0,0,VLOOKUP(B20,Datensammler!B:U,17,0)) | R20: =IF(B20=0,0,VLOOKUP(B20,Datensammler!B:U,18,0)) | S20: =IF(B20=0,0,VLOOKUP(B20,Datensammler!B:U,19,0)) | T20: =IF(B20=0,0,VLOOKUP(B20,Datensammler!B:U,20,0)) | U20: =C20 -> 170 | V20: =D20 -> 146 | W20: =E20 -> 151 | X20: =F20 -> 139 | Y20: =G20 -> 132 | Z20: =H20 -> 125 | AA20: =I20 -> 160 | AB20: =J20 -> 178 | ... AL20: =T20 | AP20: =IF(V20>0,LARGE(U20:AL20,1),0) -> 178 | AQ20: =IFERROR(__xludf.DUMMYFUNCTION("IF(V20>0,MIN(FILTER(U20:AL20, U20:AL20<>0)),0)"),125.0) -> 125 | AS20: =AP20-AQ20 -> 53 | AU20: =COUNTIF(C20:T20, ">0") -> 12 | AW20: =IF(X20>0,LARGE(U20:AL20,2),0) -> 170 | AX20: =IFERROR(__xludf.DUMMYFUNCTION("IF(X20>0,SMALL(FILTER(U20:AL20, U20:AL20<>0), 2),0)"),132.0) -> 132 | AY20: =IF(V20=0,0,AW20-AX20) -> 38 | AZ20: =IF(Y20>0,LARGE(U20:AL20,3),0) -> 170 | BA20: =IFERROR(__xludf.DUMMYFUNCTION("IF(Y20>0,SMALL(FILTER(U20:AL20, U20:AL20<>0), 3),0)"),139.0) -> 139 | BB20: =AZ20-BA20 -> 31
A21: =Spieler!A22 -> 17 | B21: =VLOOKUP(A21,Spieler!A:F,2,0) -> 38355 | C21: =IF(B21=0,0,VLOOKUP(B21,Datensammler!B:U,3,0)) -> 151 | D21: =IF(B21=0,0,VLOOKUP(B21,Datensammler!B:U,4,0)) -> 135 | E21: =IF(B21=0,0,VLOOKUP(B21,Datensammler!B:U,5,0)) -> 164 | F21: =IF(B21=0,0,VLOOKUP(B21,Datensammler!B:U,6,0)) -> 171 | G21: =IF(B21=0,0,VLOOKUP(B21,Datensammler!B:U,7,0)) -> 145 | H21: =IF(B21=0,0,VLOOKUP(B21,Datensammler!B:U,8,0)) -> 178 | I21: =IF(B21=0,0,VLOOKUP(B21,Datensammler!B:U,9,0)) -> 182 | J21: =IF(B21=0,0,VLOOKUP(B21,Datensammler!B:U,10,0)) -> 182 | K21: =IF(B21=0,0,VLOOKUP(B21,Datensammler!B:U,11,0)) -> 203 | L21: =IF(B21=0,0,VLOOKUP(B21,Datensammler!B:U,12,0)) -> 190 | M21: =IF(B21=0,0,VLOOKUP(B21,Datensammler!B:U,13,0)) -> 179 | N21: =IF(B21=0,0,VLOOKUP(B21,Datensammler!B:U,14,0)) -> 157 | O21: =IF(B21=0,0,VLOOKUP(B21,Datensammler!B:U,15,0)) | P21: =IF(B21=0,0,VLOOKUP(B21,Datensammler!B:U,16,0)) | Q21: =IF(B21=0,0,VLOOKUP(B21,Datensammler!B:U,17,0)) | R21: =IF(B21=0,0,VLOOKUP(B21,Datensammler!B:U,18,0)) | S21: =IF(B21=0,0,VLOOKUP(B21,Datensammler!B:U,19,0)) | T21: =IF(B21=0,0,VLOOKUP(B21,Datensammler!B:U,20,0)) | U21: =C21 -> 151 | V21: =D21 -> 135 | W21: =E21 -> 164 | X21: =F21 -> 171 | Y21: =G21 -> 145 | Z21: =H21 -> 178 | AA21: =I21 -> 182 | AB21: =J21 -> 182 | ... AL21: =T21 | AP21: =IF(V21>0,LARGE(U21:AL21,1),0) -> 203 | AQ21: =IFERROR(__xludf.DUMMYFUNCTION("IF(V21>0,MIN(FILTER(U21:AL21, U21:AL21<>0)),0)"),135.0) -> 135 | AS21: =AP21-AQ21 -> 68 | AU21: =COUNTIF(C21:T21, ">0") -> 12 | AW21: =IF(X21>0,LARGE(U21:AL21,2),0) -> 190 | AX21: =IFERROR(__xludf.DUMMYFUNCTION("IF(X21>0,SMALL(FILTER(U21:AL21, U21:AL21<>0), 2),0)"),145.0) -> 145 | AY21: =IF(V21=0,0,AW21-AX21) -> 45 | AZ21: =IF(Y21>0,LARGE(U21:AL21,3),0) -> 182 | BA21: =IFERROR(__xludf.DUMMYFUNCTION("IF(Y21>0,SMALL(FILTER(U21:AL21, U21:AL21<>0), 3),0)"),151.0) -> 151 | BB21: =AZ21-BA21 -> 31
A22: =Spieler!A23 -> 18 | B22: =VLOOKUP(A22,Spieler!A:F,2,0) -> 25857 | C22: =IF(B22=0,0,VLOOKUP(B22,Datensammler!B:U,3,0)) -> 196 | D22: =IF(B22=0,0,VLOOKUP(B22,Datensammler!B:U,4,0)) -> 138 | E22: =IF(B22=0,0,VLOOKUP(B22,Datensammler!B:U,5,0)) -> 194 | F22: =IF(B22=0,0,VLOOKUP(B22,Datensammler!B:U,6,0)) -> 190 | G22: =IF(B22=0,0,VLOOKUP(B22,Datensammler!B:U,7,0)) -> 225 | H22: =IF(B22=0,0,VLOOKUP(B22,Datensammler!B:U,8,0)) -> 161 | I22: =IF(B22=0,0,VLOOKUP(B22,Datensammler!B:U,9,0)) -> 180 | J22: =IF(B22=0,0,VLOOKUP(B22,Datensammler!B:U,10,0)) -> 174 | K22: =IF(B22=0,0,VLOOKUP(B22,Datensammler!B:U,11,0)) -> 200 | L22: =IF(B22=0,0,VLOOKUP(B22,Datensammler!B:U,12,0)) -> 156 | M22: =IF(B22=0,0,VLOOKUP(B22,Datensammler!B:U,13,0)) -> 151 | N22: =IF(B22=0,0,VLOOKUP(B22,Datensammler!B:U,14,0)) -> 235 | O22: =IF(B22=0,0,VLOOKUP(B22,Datensammler!B:U,15,0)) | P22: =IF(B22=0,0,VLOOKUP(B22,Datensammler!B:U,16,0)) | Q22: =IF(B22=0,0,VLOOKUP(B22,Datensammler!B:U,17,0)) | R22: =IF(B22=0,0,VLOOKUP(B22,Datensammler!B:U,18,0)) | S22: =IF(B22=0,0,VLOOKUP(B22,Datensammler!B:U,19,0)) | T22: =IF(B22=0,0,VLOOKUP(B22,Datensammler!B:U,20,0)) | U22: =C22 -> 196 | V22: =D22 -> 138 | W22: =E22 -> 194 | X22: =F22 -> 190 | Y22: =G22 -> 225 | Z22: =H22 -> 161 | AA22: =I22 -> 180 | AB22: =J22 -> 174 | ... AL22: =T22 | AP22: =IF(V22>0,LARGE(U22:AL22,1),0) -> 235 | AQ22: =IFERROR(__xludf.DUMMYFUNCTION("IF(V22>0,MIN(FILTER(U22:AL22, U22:AL22<>0)),0)"),138.0) -> 138 | AS22: =AP22-AQ22 -> 97 | AU22: =COUNTIF(C22:T22, ">0") -> 12 | AW22: =IF(X22>0,LARGE(U22:AL22,2),0) -> 225 | AX22: =IFERROR(__xludf.DUMMYFUNCTION("IF(X22>0,SMALL(FILTER(U22:AL22, U22:AL22<>0), 2),0)"),151.0) -> 151 | AY22: =IF(V22=0,0,AW22-AX22) -> 74 | AZ22: =IF(Y22>0,LARGE(U22:AL22,3),0) -> 200 | BA22: =IFERROR(__xludf.DUMMYFUNCTION("IF(Y22>0,SMALL(FILTER(U22:AL22, U22:AL22<>0), 3),0)"),156.0) -> 156 | BB22: =AZ22-BA22 -> 44
A23: =Spieler!A24 -> 19 | B23: =VLOOKUP(A23,Spieler!A:F,2,0) -> 25630 | C23: =IF(B23=0,0,VLOOKUP(B23,Datensammler!B:U,3,0)) -> 155 | D23: =IF(B23=0,0,VLOOKUP(B23,Datensammler!B:U,4,0)) -> 202 | E23: =IF(B23=0,0,VLOOKUP(B23,Datensammler!B:U,5,0)) -> 168 | F23: =IF(B23=0,0,VLOOKUP(B23,Datensammler!B:U,6,0)) -> 171 | G23: =IF(B23=0,0,VLOOKUP(B23,Datensammler!B:U,7,0)) -> 159 | H23: =IF(B23=0,0,VLOOKUP(B23,Datensammler!B:U,8,0)) -> 167 | I23: =IF(B23=0,0,VLOOKUP(B23,Datensammler!B:U,9,0)) -> 210 | J23: =IF(B23=0,0,VLOOKUP(B23,Datensammler!B:U,10,0)) -> 171 | K23: =IF(B23=0,0,VLOOKUP(B23,Datensammler!B:U,11,0)) -> 184 | L23: =IF(B23=0,0,VLOOKUP(B23,Datensammler!B:U,12,0)) -> 181 | M23: =IF(B23=0,0,VLOOKUP(B23,Datensammler!B:U,13,0)) -> 155 | N23: =IF(B23=0,0,VLOOKUP(B23,Datensammler!B:U,14,0)) -> 158 | O23: =IF(B23=0,0,VLOOKUP(B23,Datensammler!B:U,15,0)) | P23: =IF(B23=0,0,VLOOKUP(B23,Datensammler!B:U,16,0)) | Q23: =IF(B23=0,0,VLOOKUP(B23,Datensammler!B:U,17,0)) | R23: =IF(B23=0,0,VLOOKUP(B23,Datensammler!B:U,18,0)) | S23: =IF(B23=0,0,VLOOKUP(B23,Datensammler!B:U,19,0)) | T23: =IF(B23=0,0,VLOOKUP(B23,Datensammler!B:U,20,0)) | U23: =C23 -> 155 | V23: =D23 -> 202 | W23: =E23 -> 168 | X23: =F23 -> 171 | Y23: =G23 -> 159 | Z23: =H23 -> 167 | AA23: =I23 -> 210 | AB23: =J23 -> 171 | ... AL23: =T23 | AP23: =IF(V23>0,LARGE(U23:AL23,1),0) -> 210 | AQ23: =IFERROR(__xludf.DUMMYFUNCTION("IF(V23>0,MIN(FILTER(U23:AL23, U23:AL23<>0)),0)"),155.0) -> 155 | AS23: =AP23-AQ23 -> 55 | AU23: =COUNTIF(C23:T23, ">0") -> 12 | AW23: =IF(X23>0,LARGE(U23:AL23,2),0) -> 202 | AX23: =IFERROR(__xludf.DUMMYFUNCTION("IF(X23>0,SMALL(FILTER(U23:AL23, U23:AL23<>0), 2),0)"),155.0) -> 155 | AY23: =IF(V23=0,0,AW23-AX23) -> 47 | AZ23: =IF(Y23>0,LARGE(U23:AL23,3),0) -> 184 | BA23: =IFERROR(__xludf.DUMMYFUNCTION("IF(Y23>0,SMALL(FILTER(U23:AL23, U23:AL23<>0), 3),0)"),158.0) -> 158 | BB23: =AZ23-BA23 -> 26
A24: =Spieler!A25 -> 20 | B24: =VLOOKUP(A24,Spieler!A:F,2,0) -> 16093 | C24: =IF(B24=0,0,VLOOKUP(B24,Datensammler!B:U,3,0)) -> 199 | D24: =IF(B24=0,0,VLOOKUP(B24,Datensammler!B:U,4,0)) -> 186 | E24: =IF(B24=0,0,VLOOKUP(B24,Datensammler!B:U,5,0)) -> 207 | F24: =IF(B24=0,0,VLOOKUP(B24,Datensammler!B:U,6,0)) -> 187 | G24: =IF(B24=0,0,VLOOKUP(B24,Datensammler!B:U,7,0)) -> 170 | H24: =IF(B24=0,0,VLOOKUP(B24,Datensammler!B:U,8,0)) -> 171 | I24: =IF(B24=0,0,VLOOKUP(B24,Datensammler!B:U,9,0)) -> 178 | J24: =IF(B24=0,0,VLOOKUP(B24,Datensammler!B:U,10,0)) -> 185 | K24: =IF(B24=0,0,VLOOKUP(B24,Datensammler!B:U,11,0)) -> 165 | L24: =IF(B24=0,0,VLOOKUP(B24,Datensammler!B:U,12,0)) -> 188 | M24: =IF(B24=0,0,VLOOKUP(B24,Datensammler!B:U,13,0)) -> 153 | N24: =IF(B24=0,0,VLOOKUP(B24,Datensammler!B:U,14,0)) -> 168 | O24: =IF(B24=0,0,VLOOKUP(B24,Datensammler!B:U,15,0)) | P24: =IF(B24=0,0,VLOOKUP(B24,Datensammler!B:U,16,0)) | Q24: =IF(B24=0,0,VLOOKUP(B24,Datensammler!B:U,17,0)) | R24: =IF(B24=0,0,VLOOKUP(B24,Datensammler!B:U,18,0)) | S24: =IF(B24=0,0,VLOOKUP(B24,Datensammler!B:U,19,0)) | T24: =IF(B24=0,0,VLOOKUP(B24,Datensammler!B:U,20,0)) | U24: =C24 -> 199 | V24: =D24 -> 186 | W24: =E24 -> 207 | X24: =F24 -> 187 | Y24: =G24 -> 170 | Z24: =H24 -> 171 | AA24: =I24 -> 178 | AB24: =J24 -> 185 | ... AL24: =T24 | AP24: =IF(V24>0,LARGE(U24:AL24,1),0) -> 207 | AQ24: =IFERROR(__xludf.DUMMYFUNCTION("IF(V24>0,MIN(FILTER(U24:AL24, U24:AL24<>0)),0)"),153.0) -> 153 | AS24: =AP24-AQ24 -> 54 | AU24: =COUNTIF(C24:T24, ">0") -> 12 | AW24: =IF(X24>0,LARGE(U24:AL24,2),0) -> 199 | AX24: =IFERROR(__xludf.DUMMYFUNCTION("IF(X24>0,SMALL(FILTER(U24:AL24, U24:AL24<>0), 2),0)"),165.0) -> 165 | AY24: =IF(V24=0,0,AW24-AX24) -> 34 | AZ24: =IF(Y24>0,LARGE(U24:AL24,3),0) -> 188 | BA24: =IFERROR(__xludf.DUMMYFUNCTION("IF(Y24>0,SMALL(FILTER(U24:AL24, U24:AL24<>0), 3),0)"),168.0) -> 168 | BB24: =AZ24-BA24 -> 20
A25: =Spieler!A26 -> 21 | B25: =VLOOKUP(A25,Spieler!A:F,2,0) -> 38980 | C25: =IF(B25=0,0,VLOOKUP(B25,Datensammler!B:U,3,0)) -> 166 | D25: =IF(B25=0,0,VLOOKUP(B25,Datensammler!B:U,4,0)) -> 116 | E25: =IF(B25=0,0,VLOOKUP(B25,Datensammler!B:U,5,0)) -> 164 | F25: =IF(B25=0,0,VLOOKUP(B25,Datensammler!B:U,6,0)) -> 150 | G25: =IF(B25=0,0,VLOOKUP(B25,Datensammler!B:U,7,0)) -> 97 | H25: =IF(B25=0,0,VLOOKUP(B25,Datensammler!B:U,8,0)) -> 168 | I25: =IF(B25=0,0,VLOOKUP(B25,Datensammler!B:U,9,0)) -> 182 | J25: =IF(B25=0,0,VLOOKUP(B25,Datensammler!B:U,10,0)) -> 161 | K25: =IF(B25=0,0,VLOOKUP(B25,Datensammler!B:U,11,0)) -> 129 | L25: =IF(B25=0,0,VLOOKUP(B25,Datensammler!B:U,12,0)) -> 153 | M25: =IF(B25=0,0,VLOOKUP(B25,Datensammler!B:U,13,0)) -> 140 | N25: =IF(B25=0,0,VLOOKUP(B25,Datensammler!B:U,14,0)) -> 177 | O25: =IF(B25=0,0,VLOOKUP(B25,Datensammler!B:U,15,0)) | P25: =IF(B25=0,0,VLOOKUP(B25,Datensammler!B:U,16,0)) | Q25: =IF(B25=0,0,VLOOKUP(B25,Datensammler!B:U,17,0)) | R25: =IF(B25=0,0,VLOOKUP(B25,Datensammler!B:U,18,0)) | S25: =IF(B25=0,0,VLOOKUP(B25,Datensammler!B:U,19,0)) | T25: =IF(B25=0,0,VLOOKUP(B25,Datensammler!B:U,20,0)) | U25: =C25 -> 166 | V25: =D25 -> 116 | W25: =E25 -> 164 | X25: =F25 -> 150 | Y25: =G25 -> 97 | Z25: =H25 -> 168 | AA25: =I25 -> 182 | AB25: =J25 -> 161 | ... AL25: =T25 | AP25: =IF(V25>0,LARGE(U25:AL25,1),0) -> 182 | AQ25: =IFERROR(__xludf.DUMMYFUNCTION("IF(V25>0,MIN(FILTER(U25:AL25, U25:AL25<>0)),0)"),97.0) -> 97 | AS25: =AP25-AQ25 -> 85 | AU25: =COUNTIF(C25:T25, ">0") -> 12 | AW25: =IF(X25>0,LARGE(U25:AL25,2),0) -> 177 | AX25: =IFERROR(__xludf.DUMMYFUNCTION("IF(X25>0,SMALL(FILTER(U25:AL25, U25:AL25<>0), 2),0)"),116.0) -> 116 | AY25: =IF(V25=0,0,AW25-AX25) -> 61 | AZ25: =IF(Y25>0,LARGE(U25:AL25,3),0) -> 168 | BA25: =IFERROR(__xludf.DUMMYFUNCTION("IF(Y25>0,SMALL(FILTER(U25:AL25, U25:AL25<>0), 3),0)"),129.0) -> 129 | BB25: =AZ25-BA25 -> 39
A26: =Spieler!A27 -> 22 | B26: =VLOOKUP(A26,Spieler!A:F,2,0) -> 7154 | C26: =IF(B26=0,0,VLOOKUP(B26,Datensammler!B:U,3,0)) -> 162 | D26: =IF(B26=0,0,VLOOKUP(B26,Datensammler!B:U,4,0)) -> 194 | E26: =IF(B26=0,0,VLOOKUP(B26,Datensammler!B:U,5,0)) -> 187 | F26: =IF(B26=0,0,VLOOKUP(B26,Datensammler!B:U,6,0)) -> 146 | G26: =IF(B26=0,0,VLOOKUP(B26,Datensammler!B:U,7,0)) -> 188 | H26: =IF(B26=0,0,VLOOKUP(B26,Datensammler!B:U,8,0)) -> 170 | I26: =IF(B26=0,0,VLOOKUP(B26,Datensammler!B:U,9,0)) -> 151 | J26: =IF(B26=0,0,VLOOKUP(B26,Datensammler!B:U,10,0)) -> 171 | K26: =IF(B26=0,0,VLOOKUP(B26,Datensammler!B:U,11,0)) -> 173 | L26: =IF(B26=0,0,VLOOKUP(B26,Datensammler!B:U,12,0)) -> 166 | M26: =IF(B26=0,0,VLOOKUP(B26,Datensammler!B:U,13,0)) -> 157 | N26: =IF(B26=0,0,VLOOKUP(B26,Datensammler!B:U,14,0)) -> 214 | O26: =IF(B26=0,0,VLOOKUP(B26,Datensammler!B:U,15,0)) | P26: =IF(B26=0,0,VLOOKUP(B26,Datensammler!B:U,16,0)) | Q26: =IF(B26=0,0,VLOOKUP(B26,Datensammler!B:U,17,0)) | R26: =IF(B26=0,0,VLOOKUP(B26,Datensammler!B:U,18,0)) | S26: =IF(B26=0,0,VLOOKUP(B26,Datensammler!B:U,19,0)) | T26: =IF(B26=0,0,VLOOKUP(B26,Datensammler!B:U,20,0)) | U26: =C26 -> 162 | V26: =D26 -> 194 | W26: =E26 -> 187 | X26: =F26 -> 146 | Y26: =G26 -> 188 | Z26: =H26 -> 170 | AA26: =I26 -> 151 | AB26: =J26 -> 171 | ... AL26: =T26 | AP26: =IF(V26>0,LARGE(U26:AL26,1),0) -> 214 | AQ26: =IFERROR(__xludf.DUMMYFUNCTION("IF(V26>0,MIN(FILTER(U26:AL26, U26:AL26<>0)),0)"),146.0) -> 146 | AS26: =AP26-AQ26 -> 68 | AU26: =COUNTIF(C26:T26, ">0") -> 12 | AW26: =IF(X26>0,LARGE(U26:AL26,2),0) -> 194 | AX26: =IFERROR(__xludf.DUMMYFUNCTION("IF(X26>0,SMALL(FILTER(U26:AL26, U26:AL26<>0), 2),0)"),151.0) -> 151 | AY26: =IF(V26=0,0,AW26-AX26) -> 43 | AZ26: =IF(Y26>0,LARGE(U26:AL26,3),0) -> 188 | BA26: =IFERROR(__xludf.DUMMYFUNCTION("IF(Y26>0,SMALL(FILTER(U26:AL26, U26:AL26<>0), 3),0)"),157.0) -> 157 | BB26: =AZ26-BA26 -> 31
A27: =Spieler!A28 -> 23 | B27: =VLOOKUP(A27,Spieler!A:F,2,0) | C27: =IF(B27=0,0,VLOOKUP(B27,Datensammler!B:U,3,0)) -> 0 | D27: =IF(B27=0,0,VLOOKUP(B27,Datensammler!B:U,4,0)) -> 0 | E27: =IF(B27=0,0,VLOOKUP(B27,Datensammler!B:U,5,0)) -> 0 | F27: =IF(B27=0,0,VLOOKUP(B27,Datensammler!B:U,6,0)) -> 0 | G27: =IF(B27=0,0,VLOOKUP(B27,Datensammler!B:U,7,0)) -> 0 | H27: =IF(B27=0,0,VLOOKUP(B27,Datensammler!B:U,8,0)) -> 0 | I27: =IF(B27=0,0,VLOOKUP(B27,Datensammler!B:U,9,0)) -> 0 | J27: =IF(B27=0,0,VLOOKUP(B27,Datensammler!B:U,10,0)) -> 0 | K27: =IF(B27=0,0,VLOOKUP(B27,Datensammler!B:U,11,0)) -> 0 | L27: =IF(B27=0,0,VLOOKUP(B27,Datensammler!B:U,12,0)) -> 0 | M27: =IF(B27=0,0,VLOOKUP(B27,Datensammler!B:U,13,0)) -> 0 | N27: =IF(B27=0,0,VLOOKUP(B27,Datensammler!B:U,14,0)) -> 0 | O27: =IF(B27=0,0,VLOOKUP(B27,Datensammler!B:U,15,0)) -> 0 | P27: =IF(B27=0,0,VLOOKUP(B27,Datensammler!B:U,16,0)) -> 0 | Q27: =IF(B27=0,0,VLOOKUP(B27,Datensammler!B:U,17,0)) -> 0 | R27: =IF(B27=0,0,VLOOKUP(B27,Datensammler!B:U,18,0)) -> 0 | S27: =IF(B27=0,0,VLOOKUP(B27,Datensammler!B:U,19,0)) -> 0 | T27: =IF(B27=0,0,VLOOKUP(B27,Datensammler!B:U,20,0)) -> 0 | U27: =C27 -> 0 | V27: =D27 -> 0 | W27: =E27 -> 0 | X27: =F27 -> 0 | Y27: =G27 -> 0 | Z27: =H27 -> 0 | AA27: =I27 -> 0 | AB27: =J27 -> 0 | ... AL27: =T27 -> 0 | AP27: =IF(V27>0,LARGE(U27:AL27,1),0) -> 0 | AQ27: =IFERROR(__xludf.DUMMYFUNCTION("IF(V27>0,MIN(FILTER(U27:AL27, U27:AL27<>0)),0)"),0.0) -> 0 | AS27: =AP27-AQ27 -> 0 | AU27: =COUNTIF(C27:T27, ">0") -> 0 | AW27: =IF(X27>0,LARGE(U27:AL27,2),0) -> 0 | AX27: =IFERROR(__xludf.DUMMYFUNCTION("IF(X27>0,SMALL(FILTER(U27:AL27, U27:AL27<>0), 2),0)"),0.0) -> 0 | AY27: =IF(V27=0,0,AW27-AX27) -> 0 | AZ27: =IF(Y27>0,LARGE(U27:AL27,3),0) -> 0 | BA27: =IFERROR(__xludf.DUMMYFUNCTION("IF(Y27>0,SMALL(FILTER(U27:AL27, U27:AL27<>0), 3),0)"),0.0) -> 0 | BB27: =AZ27-BA27 -> 0
A28: =Spieler!A29 -> 24 | B28: =VLOOKUP(A28,Spieler!A:F,2,0) | C28: =IF(B28=0,0,VLOOKUP(B28,Datensammler!B:U,3,0)) -> 0 | D28: =IF(B28=0,0,VLOOKUP(B28,Datensammler!B:U,4,0)) -> 0 | E28: =IF(B28=0,0,VLOOKUP(B28,Datensammler!B:U,5,0)) -> 0 | F28: =IF(B28=0,0,VLOOKUP(B28,Datensammler!B:U,6,0)) -> 0 | G28: =IF(B28=0,0,VLOOKUP(B28,Datensammler!B:U,7,0)) -> 0 | H28: =IF(B28=0,0,VLOOKUP(B28,Datensammler!B:U,8,0)) -> 0 | I28: =IF(B28=0,0,VLOOKUP(B28,Datensammler!B:U,9,0)) -> 0 | J28: =IF(B28=0,0,VLOOKUP(B28,Datensammler!B:U,10,0)) -> 0 | K28: =IF(B28=0,0,VLOOKUP(B28,Datensammler!B:U,11,0)) -> 0 | L28: =IF(B28=0,0,VLOOKUP(B28,Datensammler!B:U,12,0)) -> 0 | M28: =IF(B28=0,0,VLOOKUP(B28,Datensammler!B:U,13,0)) -> 0 | N28: =IF(B28=0,0,VLOOKUP(B28,Datensammler!B:U,14,0)) -> 0 | O28: =IF(B28=0,0,VLOOKUP(B28,Datensammler!B:U,15,0)) -> 0 | P28: =IF(B28=0,0,VLOOKUP(B28,Datensammler!B:U,16,0)) -> 0 | Q28: =IF(B28=0,0,VLOOKUP(B28,Datensammler!B:U,17,0)) -> 0 | R28: =IF(B28=0,0,VLOOKUP(B28,Datensammler!B:U,18,0)) -> 0 | S28: =IF(B28=0,0,VLOOKUP(B28,Datensammler!B:U,19,0)) -> 0 | T28: =IF(B28=0,0,VLOOKUP(B28,Datensammler!B:U,20,0)) -> 0 | U28: =C28 -> 0 | V28: =D28 -> 0 | W28: =E28 -> 0 | X28: =F28 -> 0 | Y28: =G28 -> 0 | Z28: =H28 -> 0 | AA28: =I28 -> 0 | AB28: =J28 -> 0 | ... AL28: =T28 -> 0 | AP28: =IF(V28>0,LARGE(U28:AL28,1),0) -> 0 | AQ28: =IFERROR(__xludf.DUMMYFUNCTION("IF(V28>0,MIN(FILTER(U28:AL28, U28:AL28<>0)),0)"),0.0) -> 0 | AS28: =AP28-AQ28 -> 0 | AU28: =COUNTIF(C28:T28, ">0") -> 0 | AW28: =IF(X28>0,LARGE(U28:AL28,2),0) -> 0 | AX28: =IFERROR(__xludf.DUMMYFUNCTION("IF(X28>0,SMALL(FILTER(U28:AL28, U28:AL28<>0), 2),0)"),0.0) -> 0 | AY28: =IF(V28=0,0,AW28-AX28) -> 0 | AZ28: =IF(Y28>0,LARGE(U28:AL28,3),0) -> 0 | BA28: =IFERROR(__xludf.DUMMYFUNCTION("IF(Y28>0,SMALL(FILTER(U28:AL28, U28:AL28<>0), 3),0)"),0.0) -> 0 | BB28: =AZ28-BA28 -> 0
A29: =Spieler!A30 -> 25 | B29: =VLOOKUP(A29,Spieler!A:F,2,0) | C29: =IF(B29=0,0,VLOOKUP(B29,Datensammler!B:U,3,0)) -> 0 | D29: =IF(B29=0,0,VLOOKUP(B29,Datensammler!B:U,4,0)) -> 0 | E29: =IF(B29=0,0,VLOOKUP(B29,Datensammler!B:U,5,0)) -> 0 | F29: =IF(B29=0,0,VLOOKUP(B29,Datensammler!B:U,6,0)) -> 0 | G29: =IF(B29=0,0,VLOOKUP(B29,Datensammler!B:U,7,0)) -> 0 | H29: =IF(B29=0,0,VLOOKUP(B29,Datensammler!B:U,8,0)) -> 0 | I29: =IF(B29=0,0,VLOOKUP(B29,Datensammler!B:U,9,0)) -> 0 | J29: =IF(B29=0,0,VLOOKUP(B29,Datensammler!B:U,10,0)) -> 0 | K29: =IF(B29=0,0,VLOOKUP(B29,Datensammler!B:U,11,0)) -> 0 | L29: =IF(B29=0,0,VLOOKUP(B29,Datensammler!B:U,12,0)) -> 0 | M29: =IF(B29=0,0,VLOOKUP(B29,Datensammler!B:U,13,0)) -> 0 | N29: =IF(B29=0,0,VLOOKUP(B29,Datensammler!B:U,14,0)) -> 0 | O29: =IF(B29=0,0,VLOOKUP(B29,Datensammler!B:U,15,0)) -> 0 | P29: =IF(B29=0,0,VLOOKUP(B29,Datensammler!B:U,16,0)) -> 0 | Q29: =IF(B29=0,0,VLOOKUP(B29,Datensammler!B:U,17,0)) -> 0 | R29: =IF(B29=0,0,VLOOKUP(B29,Datensammler!B:U,18,0)) -> 0 | S29: =IF(B29=0,0,VLOOKUP(B29,Datensammler!B:U,19,0)) -> 0 | T29: =IF(B29=0,0,VLOOKUP(B29,Datensammler!B:U,20,0)) -> 0 | U29: =C29 -> 0 | V29: =D29 -> 0 | W29: =E29 -> 0 | X29: =F29 -> 0 | Y29: =G29 -> 0 | Z29: =H29 -> 0 | AA29: =I29 -> 0 | AB29: =J29 -> 0 | ... AL29: =T29 -> 0 | AP29: =IF(V29>0,LARGE(U29:AL29,1),0) -> 0 | AQ29: =IFERROR(__xludf.DUMMYFUNCTION("IF(V29>0,MIN(FILTER(U29:AL29, U29:AL29<>0)),0)"),0.0) -> 0 | AS29: =AP29-AQ29 -> 0 | AU29: =COUNTIF(C29:T29, ">0") -> 0 | AW29: =IF(X29>0,LARGE(U29:AL29,2),0) -> 0 | AX29: =IFERROR(__xludf.DUMMYFUNCTION("IF(X29>0,SMALL(FILTER(U29:AL29, U29:AL29<>0), 2),0)"),0.0) -> 0 | AY29: =IF(V29=0,0,AW29-AX29) -> 0 | AZ29: =IF(Y29>0,LARGE(U29:AL29,3),0) -> 0 | BA29: =IFERROR(__xludf.DUMMYFUNCTION("IF(Y29>0,SMALL(FILTER(U29:AL29, U29:AL29<>0), 3),0)"),0.0) -> 0 | BB29: =AZ29-BA29 -> 0
A30: =Spieler!A31 -> 26 | B30: =VLOOKUP(A30,Spieler!A:F,2,0) | C30: =IF(B30=0,0,VLOOKUP(B30,Datensammler!B:U,3,0)) -> 0 | D30: =IF(B30=0,0,VLOOKUP(B30,Datensammler!B:U,4,0)) -> 0 | E30: =IF(B30=0,0,VLOOKUP(B30,Datensammler!B:U,5,0)) -> 0 | F30: =IF(B30=0,0,VLOOKUP(B30,Datensammler!B:U,6,0)) -> 0 | G30: =IF(B30=0,0,VLOOKUP(B30,Datensammler!B:U,7,0)) -> 0 | H30: =IF(B30=0,0,VLOOKUP(B30,Datensammler!B:U,8,0)) -> 0 | I30: =IF(B30=0,0,VLOOKUP(B30,Datensammler!B:U,9,0)) -> 0 | J30: =IF(B30=0,0,VLOOKUP(B30,Datensammler!B:U,10,0)) -> 0 | K30: =IF(B30=0,0,VLOOKUP(B30,Datensammler!B:U,11,0)) -> 0 | L30: =IF(B30=0,0,VLOOKUP(B30,Datensammler!B:U,12,0)) -> 0 | M30: =IF(B30=0,0,VLOOKUP(B30,Datensammler!B:U,13,0)) -> 0 | N30: =IF(B30=0,0,VLOOKUP(B30,Datensammler!B:U,14,0)) -> 0 | O30: =IF(B30=0,0,VLOOKUP(B30,Datensammler!B:U,15,0)) -> 0 | P30: =IF(B30=0,0,VLOOKUP(B30,Datensammler!B:U,16,0)) -> 0 | Q30: =IF(B30=0,0,VLOOKUP(B30,Datensammler!B:U,17,0)) -> 0 | R30: =IF(B30=0,0,VLOOKUP(B30,Datensammler!B:U,18,0)) -> 0 | S30: =IF(B30=0,0,VLOOKUP(B30,Datensammler!B:U,19,0)) -> 0 | T30: =IF(B30=0,0,VLOOKUP(B30,Datensammler!B:U,20,0)) -> 0 | U30: =C30 -> 0 | V30: =D30 -> 0 | W30: =E30 -> 0 | X30: =F30 -> 0 | Y30: =G30 -> 0 | Z30: =H30 -> 0 | AA30: =I30 -> 0 | AB30: =J30 -> 0 | ... AL30: =T30 -> 0 | AP30: =IF(V30>0,LARGE(U30:AL30,1),0) -> 0 | AQ30: =IFERROR(__xludf.DUMMYFUNCTION("IF(V30>0,MIN(FILTER(U30:AL30, U30:AL30<>0)),0)"),0.0) -> 0 | AS30: =AP30-AQ30 -> 0 | AU30: =COUNTIF(C30:T30, ">0") -> 0 | AW30: =IF(X30>0,LARGE(U30:AL30,2),0) -> 0 | AX30: =IFERROR(__xludf.DUMMYFUNCTION("IF(X30>0,SMALL(FILTER(U30:AL30, U30:AL30<>0), 2),0)"),0.0) -> 0 | AY30: =IF(V30=0,0,AW30-AX30) -> 0 | AZ30: =IF(Y30>0,LARGE(U30:AL30,3),0) -> 0 | BA30: =IFERROR(__xludf.DUMMYFUNCTION("IF(Y30>0,SMALL(FILTER(U30:AL30, U30:AL30<>0), 3),0)"),0.0) -> 0 | BB30: =AZ30-BA30 -> 0
A31: =Spieler!A32 -> 27 | B31: =VLOOKUP(A31,Spieler!A:F,2,0) | C31: =IF(B31=0,0,VLOOKUP(B31,Datensammler!B:U,3,0)) -> 0 | D31: =IF(B31=0,0,VLOOKUP(B31,Datensammler!B:U,4,0)) -> 0 | E31: =IF(B31=0,0,VLOOKUP(B31,Datensammler!B:U,5,0)) -> 0 | F31: =IF(B31=0,0,VLOOKUP(B31,Datensammler!B:U,6,0)) -> 0 | G31: =IF(B31=0,0,VLOOKUP(B31,Datensammler!B:U,7,0)) -> 0 | H31: =IF(B31=0,0,VLOOKUP(B31,Datensammler!B:U,8,0)) -> 0 | I31: =IF(B31=0,0,VLOOKUP(B31,Datensammler!B:U,9,0)) -> 0 | J31: =IF(B31=0,0,VLOOKUP(B31,Datensammler!B:U,10,0)) -> 0 | K31: =IF(B31=0,0,VLOOKUP(B31,Datensammler!B:U,11,0)) -> 0 | L31: =IF(B31=0,0,VLOOKUP(B31,Datensammler!B:U,12,0)) -> 0 | M31: =IF(B31=0,0,VLOOKUP(B31,Datensammler!B:U,13,0)) -> 0 | N31: =IF(B31=0,0,VLOOKUP(B31,Datensammler!B:U,14,0)) -> 0 | O31: =IF(B31=0,0,VLOOKUP(B31,Datensammler!B:U,15,0)) -> 0 | P31: =IF(B31=0,0,VLOOKUP(B31,Datensammler!B:U,16,0)) -> 0 | Q31: =IF(B31=0,0,VLOOKUP(B31,Datensammler!B:U,17,0)) -> 0 | R31: =IF(B31=0,0,VLOOKUP(B31,Datensammler!B:U,18,0)) -> 0 | S31: =IF(B31=0,0,VLOOKUP(B31,Datensammler!B:U,19,0)) -> 0 | T31: =IF(B31=0,0,VLOOKUP(B31,Datensammler!B:U,20,0)) -> 0 | U31: =C31 -> 0 | V31: =D31 -> 0 | W31: =E31 -> 0 | X31: =F31 -> 0 | Y31: =G31 -> 0 | Z31: =H31 -> 0 | AA31: =I31 -> 0 | AB31: =J31 -> 0 | ... AL31: =T31 -> 0 | AP31: =IF(V31>0,LARGE(U31:AL31,1),0) -> 0 | AQ31: =IFERROR(__xludf.DUMMYFUNCTION("IF(V31>0,MIN(FILTER(U31:AL31, U31:AL31<>0)),0)"),0.0) -> 0 | AS31: =AP31-AQ31 -> 0 | AU31: =COUNTIF(C31:T31, ">0") -> 0 | AW31: =IF(X31>0,LARGE(U31:AL31,2),0) -> 0 | AX31: =IFERROR(__xludf.DUMMYFUNCTION("IF(X31>0,SMALL(FILTER(U31:AL31, U31:AL31<>0), 2),0)"),0.0) -> 0 | AY31: =IF(V31=0,0,AW31-AX31) -> 0 | AZ31: =IF(Y31>0,LARGE(U31:AL31,3),0) -> 0 | BA31: =IFERROR(__xludf.DUMMYFUNCTION("IF(Y31>0,SMALL(FILTER(U31:AL31, U31:AL31<>0), 3),0)"),0.0) -> 0 | BB31: =AZ31-BA31 -> 0
A32: =Spieler!A33 -> 28 | B32: =VLOOKUP(A32,Spieler!A:F,2,0) | C32: =IF(B32=0,0,VLOOKUP(B32,Datensammler!B:U,3,0)) -> 0 | D32: =IF(B32=0,0,VLOOKUP(B32,Datensammler!B:U,4,0)) -> 0 | E32: =IF(B32=0,0,VLOOKUP(B32,Datensammler!B:U,5,0)) -> 0 | F32: =IF(B32=0,0,VLOOKUP(B32,Datensammler!B:U,6,0)) -> 0 | G32: =IF(B32=0,0,VLOOKUP(B32,Datensammler!B:U,7,0)) -> 0 | H32: =IF(B32=0,0,VLOOKUP(B32,Datensammler!B:U,8,0)) -> 0 | I32: =IF(B32=0,0,VLOOKUP(B32,Datensammler!B:U,9,0)) -> 0 | J32: =IF(B32=0,0,VLOOKUP(B32,Datensammler!B:U,10,0)) -> 0 | K32: =IF(B32=0,0,VLOOKUP(B32,Datensammler!B:U,11,0)) -> 0 | L32: =IF(B32=0,0,VLOOKUP(B32,Datensammler!B:U,12,0)) -> 0 | M32: =IF(B32=0,0,VLOOKUP(B32,Datensammler!B:U,13,0)) -> 0 | N32: =IF(B32=0,0,VLOOKUP(B32,Datensammler!B:U,14,0)) -> 0 | O32: =IF(B32=0,0,VLOOKUP(B32,Datensammler!B:U,15,0)) -> 0 | P32: =IF(B32=0,0,VLOOKUP(B32,Datensammler!B:U,16,0)) -> 0 | Q32: =IF(B32=0,0,VLOOKUP(B32,Datensammler!B:U,17,0)) -> 0 | R32: =IF(B32=0,0,VLOOKUP(B32,Datensammler!B:U,18,0)) -> 0 | S32: =IF(B32=0,0,VLOOKUP(B32,Datensammler!B:U,19,0)) -> 0 | T32: =IF(B32=0,0,VLOOKUP(B32,Datensammler!B:U,20,0)) -> 0 | U32: =C32 -> 0 | V32: =D32 -> 0 | W32: =E32 -> 0 | X32: =F32 -> 0 | Y32: =G32 -> 0 | Z32: =H32 -> 0 | AA32: =I32 -> 0 | AB32: =J32 -> 0 | ... AL32: =T32 -> 0 | AP32: =IF(V32>0,LARGE(U32:AL32,1),0) -> 0 | AQ32: =IFERROR(__xludf.DUMMYFUNCTION("IF(V32>0,MIN(FILTER(U32:AL32, U32:AL32<>0)),0)"),0.0) -> 0 | AS32: =AP32-AQ32 -> 0 | AU32: =COUNTIF(C32:T32, ">0") -> 0 | AW32: =IF(X32>0,LARGE(U32:AL32,2),0) -> 0 | AX32: =IFERROR(__xludf.DUMMYFUNCTION("IF(X32>0,SMALL(FILTER(U32:AL32, U32:AL32<>0), 2),0)"),0.0) -> 0 | AY32: =IF(V32=0,0,AW32-AX32) -> 0 | AZ32: =IF(Y32>0,LARGE(U32:AL32,3),0) -> 0 | BA32: =IFERROR(__xludf.DUMMYFUNCTION("IF(Y32>0,SMALL(FILTER(U32:AL32, U32:AL32<>0), 3),0)"),0.0) -> 0 | BB32: =AZ32-BA32 -> 0
A33: =Spieler!A34 -> 29 | B33: =VLOOKUP(A33,Spieler!A:F,2,0) | C33: =IF(B33=0,0,VLOOKUP(B33,Datensammler!B:U,3,0)) -> 0 | D33: =IF(B33=0,0,VLOOKUP(B33,Datensammler!B:U,4,0)) -> 0 | E33: =IF(B33=0,0,VLOOKUP(B33,Datensammler!B:U,5,0)) -> 0 | F33: =IF(B33=0,0,VLOOKUP(B33,Datensammler!B:U,6,0)) -> 0 | G33: =IF(B33=0,0,VLOOKUP(B33,Datensammler!B:U,7,0)) -> 0 | H33: =IF(B33=0,0,VLOOKUP(B33,Datensammler!B:U,8,0)) -> 0 | I33: =IF(B33=0,0,VLOOKUP(B33,Datensammler!B:U,9,0)) -> 0 | J33: =IF(B33=0,0,VLOOKUP(B33,Datensammler!B:U,10,0)) -> 0 | K33: =IF(B33=0,0,VLOOKUP(B33,Datensammler!B:U,11,0)) -> 0 | L33: =IF(B33=0,0,VLOOKUP(B33,Datensammler!B:U,12,0)) -> 0 | M33: =IF(B33=0,0,VLOOKUP(B33,Datensammler!B:U,13,0)) -> 0 | N33: =IF(B33=0,0,VLOOKUP(B33,Datensammler!B:U,14,0)) -> 0 | O33: =IF(B33=0,0,VLOOKUP(B33,Datensammler!B:U,15,0)) -> 0 | P33: =IF(B33=0,0,VLOOKUP(B33,Datensammler!B:U,16,0)) -> 0 | Q33: =IF(B33=0,0,VLOOKUP(B33,Datensammler!B:U,17,0)) -> 0 | R33: =IF(B33=0,0,VLOOKUP(B33,Datensammler!B:U,18,0)) -> 0 | S33: =IF(B33=0,0,VLOOKUP(B33,Datensammler!B:U,19,0)) -> 0 | T33: =IF(B33=0,0,VLOOKUP(B33,Datensammler!B:U,20,0)) -> 0 | U33: =C33 -> 0 | V33: =D33 -> 0 | W33: =E33 -> 0 | X33: =F33 -> 0 | Y33: =G33 -> 0 | Z33: =H33 -> 0 | AA33: =I33 -> 0 | AB33: =J33 -> 0 | ... AL33: =T33 -> 0 | AP33: =IF(V33>0,LARGE(U33:AL33,1),0) -> 0 | AQ33: =IFERROR(__xludf.DUMMYFUNCTION("IF(V33>0,MIN(FILTER(U33:AL33, U33:AL33<>0)),0)"),0.0) -> 0 | AS33: =AP33-AQ33 -> 0 | AU33: =COUNTIF(C33:T33, ">0") -> 0 | AW33: =IF(X33>0,LARGE(U33:AL33,2),0) -> 0 | AX33: =IFERROR(__xludf.DUMMYFUNCTION("IF(X33>0,SMALL(FILTER(U33:AL33, U33:AL33<>0), 2),0)"),0.0) -> 0 | AY33: =IF(V33=0,0,AW33-AX33) -> 0 | AZ33: =IF(Y33>0,LARGE(U33:AL33,3),0) -> 0 | BA33: =IFERROR(__xludf.DUMMYFUNCTION("IF(Y33>0,SMALL(FILTER(U33:AL33, U33:AL33<>0), 3),0)"),0.0) -> 0 | BB33: =AZ33-BA33 -> 0
A34: =Spieler!A35 -> 30 | B34: =VLOOKUP(A34,Spieler!A:F,2,0) | C34: =IF(B34=0,0,VLOOKUP(B34,Datensammler!B:U,3,0)) -> 0 | D34: =IF(B34=0,0,VLOOKUP(B34,Datensammler!B:U,4,0)) -> 0 | E34: =IF(B34=0,0,VLOOKUP(B34,Datensammler!B:U,5,0)) -> 0 | F34: =IF(B34=0,0,VLOOKUP(B34,Datensammler!B:U,6,0)) -> 0 | G34: =IF(B34=0,0,VLOOKUP(B34,Datensammler!B:U,7,0)) -> 0 | H34: =IF(B34=0,0,VLOOKUP(B34,Datensammler!B:U,8,0)) -> 0 | I34: =IF(B34=0,0,VLOOKUP(B34,Datensammler!B:U,9,0)) -> 0 | J34: =IF(B34=0,0,VLOOKUP(B34,Datensammler!B:U,10,0)) -> 0 | K34: =IF(B34=0,0,VLOOKUP(B34,Datensammler!B:U,11,0)) -> 0 | L34: =IF(B34=0,0,VLOOKUP(B34,Datensammler!B:U,12,0)) -> 0 | M34: =IF(B34=0,0,VLOOKUP(B34,Datensammler!B:U,13,0)) -> 0 | N34: =IF(B34=0,0,VLOOKUP(B34,Datensammler!B:U,14,0)) -> 0 | O34: =IF(B34=0,0,VLOOKUP(B34,Datensammler!B:U,15,0)) -> 0 | P34: =IF(B34=0,0,VLOOKUP(B34,Datensammler!B:U,16,0)) -> 0 | Q34: =IF(B34=0,0,VLOOKUP(B34,Datensammler!B:U,17,0)) -> 0 | R34: =IF(B34=0,0,VLOOKUP(B34,Datensammler!B:U,18,0)) -> 0 | S34: =IF(B34=0,0,VLOOKUP(B34,Datensammler!B:U,19,0)) -> 0 | T34: =IF(B34=0,0,VLOOKUP(B34,Datensammler!B:U,20,0)) -> 0 | U34: =C34 -> 0 | V34: =D34 -> 0 | W34: =E34 -> 0 | X34: =F34 -> 0 | Y34: =G34 -> 0 | Z34: =H34 -> 0 | AA34: =I34 -> 0 | AB34: =J34 -> 0 | ... AL34: =T34 -> 0 | AP34: =IF(V34>0,LARGE(U34:AL34,1),0) -> 0 | AQ34: =IFERROR(__xludf.DUMMYFUNCTION("IF(V34>0,MIN(FILTER(U34:AL34, U34:AL34<>0)),0)"),0.0) -> 0 | AS34: =AP34-AQ34 -> 0 | AU34: =COUNTIF(C34:T34, ">0") -> 0 | AW34: =IF(X34>0,LARGE(U34:AL34,2),0) -> 0 | AX34: =IFERROR(__xludf.DUMMYFUNCTION("IF(X34>0,SMALL(FILTER(U34:AL34, U34:AL34<>0), 2),0)"),0.0) -> 0 | AY34: =IF(V34=0,0,AW34-AX34) -> 0 | AZ34: =IF(Y34>0,LARGE(U34:AL34,3),0) -> 0 | BA34: =IFERROR(__xludf.DUMMYFUNCTION("IF(Y34>0,SMALL(FILTER(U34:AL34, U34:AL34<>0), 3),0)"),0.0) -> 0 | BB34: =AZ34-BA34 -> 0
A35: =Spieler!A36 -> 31 | B35: =VLOOKUP(A35,Spieler!A:F,2,0) | C35: =IF(B35=0,0,VLOOKUP(B35,Datensammler!B:U,3,0)) -> 0 | D35: =IF(B35=0,0,VLOOKUP(B35,Datensammler!B:U,4,0)) -> 0 | E35: =IF(B35=0,0,VLOOKUP(B35,Datensammler!B:U,5,0)) -> 0 | F35: =IF(B35=0,0,VLOOKUP(B35,Datensammler!B:U,6,0)) -> 0 | G35: =IF(B35=0,0,VLOOKUP(B35,Datensammler!B:U,7,0)) -> 0 | H35: =IF(B35=0,0,VLOOKUP(B35,Datensammler!B:U,8,0)) -> 0 | I35: =IF(B35=0,0,VLOOKUP(B35,Datensammler!B:U,9,0)) -> 0 | J35: =IF(B35=0,0,VLOOKUP(B35,Datensammler!B:U,10,0)) -> 0 | K35: =IF(B35=0,0,VLOOKUP(B35,Datensammler!B:U,11,0)) -> 0 | L35: =IF(B35=0,0,VLOOKUP(B35,Datensammler!B:U,12,0)) -> 0 | M35: =IF(B35=0,0,VLOOKUP(B35,Datensammler!B:U,13,0)) -> 0 | N35: =IF(B35=0,0,VLOOKUP(B35,Datensammler!B:U,14,0)) -> 0 | O35: =IF(B35=0,0,VLOOKUP(B35,Datensammler!B:U,15,0)) -> 0 | P35: =IF(B35=0,0,VLOOKUP(B35,Datensammler!B:U,16,0)) -> 0 | Q35: =IF(B35=0,0,VLOOKUP(B35,Datensammler!B:U,17,0)) -> 0 | R35: =IF(B35=0,0,VLOOKUP(B35,Datensammler!B:U,18,0)) -> 0 | S35: =IF(B35=0,0,VLOOKUP(B35,Datensammler!B:U,19,0)) -> 0 | T35: =IF(B35=0,0,VLOOKUP(B35,Datensammler!B:U,20,0)) -> 0 | U35: =C35 -> 0 | V35: =D35 -> 0 | W35: =E35 -> 0 | X35: =F35 -> 0 | Y35: =G35 -> 0 | Z35: =H35 -> 0 | AA35: =I35 -> 0 | AB35: =J35 -> 0 | ... AL35: =T35 -> 0 | AP35: =IF(V35>0,LARGE(U35:AL35,1),0) -> 0 | AQ35: =IFERROR(__xludf.DUMMYFUNCTION("IF(V35>0,MIN(FILTER(U35:AL35, U35:AL35<>0)),0)"),0.0) -> 0 | AS35: =AP35-AQ35 -> 0 | AU35: =COUNTIF(C35:T35, ">0") -> 0 | AW35: =IF(X35>0,LARGE(U35:AL35,2),0) -> 0 | AX35: =IFERROR(__xludf.DUMMYFUNCTION("IF(X35>0,SMALL(FILTER(U35:AL35, U35:AL35<>0), 2),0)"),0.0) -> 0 | AY35: =IF(V35=0,0,AW35-AX35) -> 0 | AZ35: =IF(Y35>0,LARGE(U35:AL35,3),0) -> 0 | BA35: =IFERROR(__xludf.DUMMYFUNCTION("IF(Y35>0,SMALL(FILTER(U35:AL35, U35:AL35<>0), 3),0)"),0.0) -> 0 | BB35: =AZ35-BA35 -> 0
A36: =Spieler!A37 -> 32 | B36: =VLOOKUP(A36,Spieler!A:F,2,0) | C36: =IF(B36=0,0,VLOOKUP(B36,Datensammler!B:U,3,0)) -> 0 | D36: =IF(B36=0,0,VLOOKUP(B36,Datensammler!B:U,4,0)) -> 0 | E36: =IF(B36=0,0,VLOOKUP(B36,Datensammler!B:U,5,0)) -> 0 | F36: =IF(B36=0,0,VLOOKUP(B36,Datensammler!B:U,6,0)) -> 0 | G36: =IF(B36=0,0,VLOOKUP(B36,Datensammler!B:U,7,0)) -> 0 | H36: =IF(B36=0,0,VLOOKUP(B36,Datensammler!B:U,8,0)) -> 0 | I36: =IF(B36=0,0,VLOOKUP(B36,Datensammler!B:U,9,0)) -> 0 | J36: =IF(B36=0,0,VLOOKUP(B36,Datensammler!B:U,10,0)) -> 0 | K36: =IF(B36=0,0,VLOOKUP(B36,Datensammler!B:U,11,0)) -> 0 | L36: =IF(B36=0,0,VLOOKUP(B36,Datensammler!B:U,12,0)) -> 0 | M36: =IF(B36=0,0,VLOOKUP(B36,Datensammler!B:U,13,0)) -> 0 | N36: =IF(B36=0,0,VLOOKUP(B36,Datensammler!B:U,14,0)) -> 0 | O36: =IF(B36=0,0,VLOOKUP(B36,Datensammler!B:U,15,0)) -> 0 | P36: =IF(B36=0,0,VLOOKUP(B36,Datensammler!B:U,16,0)) -> 0 | Q36: =IF(B36=0,0,VLOOKUP(B36,Datensammler!B:U,17,0)) -> 0 | R36: =IF(B36=0,0,VLOOKUP(B36,Datensammler!B:U,18,0)) -> 0 | S36: =IF(B36=0,0,VLOOKUP(B36,Datensammler!B:U,19,0)) -> 0 | T36: =IF(B36=0,0,VLOOKUP(B36,Datensammler!B:U,20,0)) -> 0 | U36: =C36 -> 0 | V36: =D36 -> 0 | W36: =E36 -> 0 | X36: =F36 -> 0 | Y36: =G36 -> 0 | Z36: =H36 -> 0 | AA36: =I36 -> 0 | AB36: =J36 -> 0 | ... AL36: =T36 -> 0 | AP36: =IF(V36>0,LARGE(U36:AL36,1),0) -> 0 | AQ36: =IFERROR(__xludf.DUMMYFUNCTION("IF(V36>0,MIN(FILTER(U36:AL36, U36:AL36<>0)),0)"),0.0) -> 0 | AS36: =AP36-AQ36 -> 0 | AU36: =COUNTIF(C36:T36, ">0") -> 0 | AW36: =IF(X36>0,LARGE(U36:AL36,2),0) -> 0 | AX36: =IFERROR(__xludf.DUMMYFUNCTION("IF(X36>0,SMALL(FILTER(U36:AL36, U36:AL36<>0), 2),0)"),0.0) -> 0 | AY36: =IF(V36=0,0,AW36-AX36) -> 0 | AZ36: =IF(Y36>0,LARGE(U36:AL36,3),0) -> 0 | BA36: =IFERROR(__xludf.DUMMYFUNCTION("IF(Y36>0,SMALL(FILTER(U36:AL36, U36:AL36<>0), 3),0)"),0.0) -> 0 | BB36: =AZ36-BA36 -> 0
A37: =Spieler!A38 -> 33 | B37: =VLOOKUP(A37,Spieler!A:F,2,0) | C37: =IF(B37=0,0,VLOOKUP(B37,Datensammler!B:U,3,0)) -> 0 | D37: =IF(B37=0,0,VLOOKUP(B37,Datensammler!B:U,4,0)) -> 0 | E37: =IF(B37=0,0,VLOOKUP(B37,Datensammler!B:U,5,0)) -> 0 | F37: =IF(B37=0,0,VLOOKUP(B37,Datensammler!B:U,6,0)) -> 0 | G37: =IF(B37=0,0,VLOOKUP(B37,Datensammler!B:U,7,0)) -> 0 | H37: =IF(B37=0,0,VLOOKUP(B37,Datensammler!B:U,8,0)) -> 0 | I37: =IF(B37=0,0,VLOOKUP(B37,Datensammler!B:U,9,0)) -> 0 | J37: =IF(B37=0,0,VLOOKUP(B37,Datensammler!B:U,10,0)) -> 0 | K37: =IF(B37=0,0,VLOOKUP(B37,Datensammler!B:U,11,0)) -> 0 | L37: =IF(B37=0,0,VLOOKUP(B37,Datensammler!B:U,12,0)) -> 0 | M37: =IF(B37=0,0,VLOOKUP(B37,Datensammler!B:U,13,0)) -> 0 | N37: =IF(B37=0,0,VLOOKUP(B37,Datensammler!B:U,14,0)) -> 0 | O37: =IF(B37=0,0,VLOOKUP(B37,Datensammler!B:U,15,0)) -> 0 | P37: =IF(B37=0,0,VLOOKUP(B37,Datensammler!B:U,16,0)) -> 0 | Q37: =IF(B37=0,0,VLOOKUP(B37,Datensammler!B:U,17,0)) -> 0 | R37: =IF(B37=0,0,VLOOKUP(B37,Datensammler!B:U,18,0)) -> 0 | S37: =IF(B37=0,0,VLOOKUP(B37,Datensammler!B:U,19,0)) -> 0 | T37: =IF(B37=0,0,VLOOKUP(B37,Datensammler!B:U,20,0)) -> 0 | U37: =C37 -> 0 | V37: =D37 -> 0 | W37: =E37 -> 0 | X37: =F37 -> 0 | Y37: =G37 -> 0 | Z37: =H37 -> 0 | AA37: =I37 -> 0 | AB37: =J37 -> 0 | ... AL37: =T37 -> 0 | AP37: =IF(V37>0,LARGE(U37:AL37,1),0) -> 0 | AQ37: =IFERROR(__xludf.DUMMYFUNCTION("IF(V37>0,MIN(FILTER(U37:AL37, U37:AL37<>0)),0)"),0.0) -> 0 | AS37: =AP37-AQ37 -> 0 | AU37: =COUNTIF(C37:T37, ">0") -> 0 | AW37: =IF(X37>0,LARGE(U37:AL37,2),0) -> 0 | AX37: =IFERROR(__xludf.DUMMYFUNCTION("IF(X37>0,SMALL(FILTER(U37:AL37, U37:AL37<>0), 2),0)"),0.0) -> 0 | AY37: =IF(V37=0,0,AW37-AX37) -> 0 | AZ37: =IF(Y37>0,LARGE(U37:AL37,3),0) -> 0 | BA37: =IFERROR(__xludf.DUMMYFUNCTION("IF(Y37>0,SMALL(FILTER(U37:AL37, U37:AL37<>0), 3),0)"),0.0) -> 0 | BB37: =AZ37-BA37 -> 0
A38: =Spieler!A39 -> 34 | B38: =VLOOKUP(A38,Spieler!A:F,2,0) | C38: =IF(B38=0,0,VLOOKUP(B38,Datensammler!B:U,3,0)) -> 0 | D38: =IF(B38=0,0,VLOOKUP(B38,Datensammler!B:U,4,0)) -> 0 | E38: =IF(B38=0,0,VLOOKUP(B38,Datensammler!B:U,5,0)) -> 0 | F38: =IF(B38=0,0,VLOOKUP(B38,Datensammler!B:U,6,0)) -> 0 | G38: =IF(B38=0,0,VLOOKUP(B38,Datensammler!B:U,7,0)) -> 0 | H38: =IF(B38=0,0,VLOOKUP(B38,Datensammler!B:U,8,0)) -> 0 | I38: =IF(B38=0,0,VLOOKUP(B38,Datensammler!B:U,9,0)) -> 0 | J38: =IF(B38=0,0,VLOOKUP(B38,Datensammler!B:U,10,0)) -> 0 | K38: =IF(B38=0,0,VLOOKUP(B38,Datensammler!B:U,11,0)) -> 0 | L38: =IF(B38=0,0,VLOOKUP(B38,Datensammler!B:U,12,0)) -> 0 | M38: =IF(B38=0,0,VLOOKUP(B38,Datensammler!B:U,13,0)) -> 0 | N38: =IF(B38=0,0,VLOOKUP(B38,Datensammler!B:U,14,0)) -> 0 | O38: =IF(B38=0,0,VLOOKUP(B38,Datensammler!B:U,15,0)) -> 0 | P38: =IF(B38=0,0,VLOOKUP(B38,Datensammler!B:U,16,0)) -> 0 | Q38: =IF(B38=0,0,VLOOKUP(B38,Datensammler!B:U,17,0)) -> 0 | R38: =IF(B38=0,0,VLOOKUP(B38,Datensammler!B:U,18,0)) -> 0 | S38: =IF(B38=0,0,VLOOKUP(B38,Datensammler!B:U,19,0)) -> 0 | T38: =IF(B38=0,0,VLOOKUP(B38,Datensammler!B:U,20,0)) -> 0 | U38: =C38 -> 0 | V38: =D38 -> 0 | W38: =E38 -> 0 | X38: =F38 -> 0 | Y38: =G38 -> 0 | Z38: =H38 -> 0 | AA38: =I38 -> 0 | AB38: =J38 -> 0 | ... AL38: =T38 -> 0 | AP38: =IF(V38>0,LARGE(U38:AL38,1),0) -> 0 | AQ38: =IFERROR(__xludf.DUMMYFUNCTION("IF(V38>0,MIN(FILTER(U38:AL38, U38:AL38<>0)),0)"),0.0) -> 0 | AS38: =AP38-AQ38 -> 0 | AU38: =COUNTIF(C38:T38, ">0") -> 0 | AW38: =IF(X38>0,LARGE(U38:AL38,2),0) -> 0 | AX38: =IFERROR(__xludf.DUMMYFUNCTION("IF(X38>0,SMALL(FILTER(U38:AL38, U38:AL38<>0), 2),0)"),0.0) -> 0 | AY38: =IF(V38=0,0,AW38-AX38) -> 0 | AZ38: =IF(Y38>0,LARGE(U38:AL38,3),0) -> 0 | BA38: =IFERROR(__xludf.DUMMYFUNCTION("IF(Y38>0,SMALL(FILTER(U38:AL38, U38:AL38<>0), 3),0)"),0.0) -> 0 | BB38: =AZ38-BA38 -> 0
A39: =Spieler!A40 -> 35 | B39: =VLOOKUP(A39,Spieler!A:F,2,0) | C39: =IF(B39=0,0,VLOOKUP(B39,Datensammler!B:U,3,0)) -> 0 | D39: =IF(B39=0,0,VLOOKUP(B39,Datensammler!B:U,4,0)) -> 0 | E39: =IF(B39=0,0,VLOOKUP(B39,Datensammler!B:U,5,0)) -> 0 | F39: =IF(B39=0,0,VLOOKUP(B39,Datensammler!B:U,6,0)) -> 0 | G39: =IF(B39=0,0,VLOOKUP(B39,Datensammler!B:U,7,0)) -> 0 | H39: =IF(B39=0,0,VLOOKUP(B39,Datensammler!B:U,8,0)) -> 0 | I39: =IF(B39=0,0,VLOOKUP(B39,Datensammler!B:U,9,0)) -> 0 | J39: =IF(B39=0,0,VLOOKUP(B39,Datensammler!B:U,10,0)) -> 0 | K39: =IF(B39=0,0,VLOOKUP(B39,Datensammler!B:U,11,0)) -> 0 | L39: =IF(B39=0,0,VLOOKUP(B39,Datensammler!B:U,12,0)) -> 0 | M39: =IF(B39=0,0,VLOOKUP(B39,Datensammler!B:U,13,0)) -> 0 | N39: =IF(B39=0,0,VLOOKUP(B39,Datensammler!B:U,14,0)) -> 0 | O39: =IF(B39=0,0,VLOOKUP(B39,Datensammler!B:U,15,0)) -> 0 | P39: =IF(B39=0,0,VLOOKUP(B39,Datensammler!B:U,16,0)) -> 0 | Q39: =IF(B39=0,0,VLOOKUP(B39,Datensammler!B:U,17,0)) -> 0 | R39: =IF(B39=0,0,VLOOKUP(B39,Datensammler!B:U,18,0)) -> 0 | S39: =IF(B39=0,0,VLOOKUP(B39,Datensammler!B:U,19,0)) -> 0 | T39: =IF(B39=0,0,VLOOKUP(B39,Datensammler!B:U,20,0)) -> 0 | U39: =C39 -> 0 | V39: =D39 -> 0 | W39: =E39 -> 0 | X39: =F39 -> 0 | Y39: =G39 -> 0 | Z39: =H39 -> 0 | AA39: =I39 -> 0 | AB39: =J39 -> 0 | ... AL39: =T39 -> 0 | AP39: =IF(V39>0,LARGE(U39:AL39,1),0) -> 0 | AQ39: =IFERROR(__xludf.DUMMYFUNCTION("IF(V39>0,MIN(FILTER(U39:AL39, U39:AL39<>0)),0)"),0.0) -> 0 | AS39: =AP39-AQ39 -> 0 | AU39: =COUNTIF(C39:T39, ">0") -> 0 | AW39: =IF(X39>0,LARGE(U39:AL39,2),0) -> 0 | AX39: =IFERROR(__xludf.DUMMYFUNCTION("IF(X39>0,SMALL(FILTER(U39:AL39, U39:AL39<>0), 2),0)"),0.0) -> 0 | AY39: =IF(V39=0,0,AW39-AX39) -> 0 | AZ39: =IF(Y39>0,LARGE(U39:AL39,3),0) -> 0 | BA39: =IFERROR(__xludf.DUMMYFUNCTION("IF(Y39>0,SMALL(FILTER(U39:AL39, U39:AL39<>0), 3),0)"),0.0) -> 0 | BB39: =AZ39-BA39 -> 0
A40: =Spieler!A41 -> 36 | B40: =VLOOKUP(A40,Spieler!A:F,2,0) | C40: =IF(B40=0,0,VLOOKUP(B40,Datensammler!B:U,3,0)) -> 0 | D40: =IF(B40=0,0,VLOOKUP(B40,Datensammler!B:U,4,0)) -> 0 | E40: =IF(B40=0,0,VLOOKUP(B40,Datensammler!B:U,5,0)) -> 0 | F40: =IF(B40=0,0,VLOOKUP(B40,Datensammler!B:U,6,0)) -> 0 | G40: =IF(B40=0,0,VLOOKUP(B40,Datensammler!B:U,7,0)) -> 0 | H40: =IF(B40=0,0,VLOOKUP(B40,Datensammler!B:U,8,0)) -> 0 | I40: =IF(B40=0,0,VLOOKUP(B40,Datensammler!B:U,9,0)) -> 0 | J40: =IF(B40=0,0,VLOOKUP(B40,Datensammler!B:U,10,0)) -> 0 | K40: =IF(B40=0,0,VLOOKUP(B40,Datensammler!B:U,11,0)) -> 0 | L40: =IF(B40=0,0,VLOOKUP(B40,Datensammler!B:U,12,0)) -> 0 | M40: =IF(B40=0,0,VLOOKUP(B40,Datensammler!B:U,13,0)) -> 0 | N40: =IF(B40=0,0,VLOOKUP(B40,Datensammler!B:U,14,0)) -> 0 | O40: =IF(B40=0,0,VLOOKUP(B40,Datensammler!B:U,15,0)) -> 0 | P40: =IF(B40=0,0,VLOOKUP(B40,Datensammler!B:U,16,0)) -> 0 | Q40: =IF(B40=0,0,VLOOKUP(B40,Datensammler!B:U,17,0)) -> 0 | R40: =IF(B40=0,0,VLOOKUP(B40,Datensammler!B:U,18,0)) -> 0 | S40: =IF(B40=0,0,VLOOKUP(B40,Datensammler!B:U,19,0)) -> 0 | T40: =IF(B40=0,0,VLOOKUP(B40,Datensammler!B:U,20,0)) -> 0 | U40: =C40 -> 0 | V40: =D40 -> 0 | W40: =E40 -> 0 | X40: =F40 -> 0 | Y40: =G40 -> 0 | Z40: =H40 -> 0 | AA40: =I40 -> 0 | AB40: =J40 -> 0 | ... AL40: =T40 -> 0 | AP40: =IF(V40>0,LARGE(U40:AL40,1),0) -> 0 | AQ40: =IFERROR(__xludf.DUMMYFUNCTION("IF(V40>0,MIN(FILTER(U40:AL40, U40:AL40<>0)),0)"),0.0) -> 0 | AS40: =AP40-AQ40 -> 0 | AU40: =COUNTIF(C40:T40, ">0") -> 0 | AW40: =IF(X40>0,LARGE(U40:AL40,2),0) -> 0 | AX40: =IFERROR(__xludf.DUMMYFUNCTION("IF(X40>0,SMALL(FILTER(U40:AL40, U40:AL40<>0), 2),0)"),0.0) -> 0 | AY40: =IF(V40=0,0,AW40-AX40) -> 0 | AZ40: =IF(Y40>0,LARGE(U40:AL40,3),0) -> 0 | BA40: =IFERROR(__xludf.DUMMYFUNCTION("IF(Y40>0,SMALL(FILTER(U40:AL40, U40:AL40<>0), 3),0)"),0.0) -> 0 | BB40: =AZ40-BA40 -> 0
A41: =Spieler!A42 -> 37 | B41: =VLOOKUP(A41,Spieler!A:F,2,0) | C41: =IF(B41=0,0,VLOOKUP(B41,Datensammler!B:U,3,0)) -> 0 | D41: =IF(B41=0,0,VLOOKUP(B41,Datensammler!B:U,4,0)) -> 0 | E41: =IF(B41=0,0,VLOOKUP(B41,Datensammler!B:U,5,0)) -> 0 | F41: =IF(B41=0,0,VLOOKUP(B41,Datensammler!B:U,6,0)) -> 0 | G41: =IF(B41=0,0,VLOOKUP(B41,Datensammler!B:U,7,0)) -> 0 | H41: =IF(B41=0,0,VLOOKUP(B41,Datensammler!B:U,8,0)) -> 0 | I41: =IF(B41=0,0,VLOOKUP(B41,Datensammler!B:U,9,0)) -> 0 | J41: =IF(B41=0,0,VLOOKUP(B41,Datensammler!B:U,10,0)) -> 0 | K41: =IF(B41=0,0,VLOOKUP(B41,Datensammler!B:U,11,0)) -> 0 | L41: =IF(B41=0,0,VLOOKUP(B41,Datensammler!B:U,12,0)) -> 0 | M41: =IF(B41=0,0,VLOOKUP(B41,Datensammler!B:U,13,0)) -> 0 | N41: =IF(B41=0,0,VLOOKUP(B41,Datensammler!B:U,14,0)) -> 0 | O41: =IF(B41=0,0,VLOOKUP(B41,Datensammler!B:U,15,0)) -> 0 | P41: =IF(B41=0,0,VLOOKUP(B41,Datensammler!B:U,16,0)) -> 0 | Q41: =IF(B41=0,0,VLOOKUP(B41,Datensammler!B:U,17,0)) -> 0 | R41: =IF(B41=0,0,VLOOKUP(B41,Datensammler!B:U,18,0)) -> 0 | S41: =IF(B41=0,0,VLOOKUP(B41,Datensammler!B:U,19,0)) -> 0 | T41: =IF(B41=0,0,VLOOKUP(B41,Datensammler!B:U,20,0)) -> 0 | U41: =C41 -> 0 | V41: =D41 -> 0 | W41: =E41 -> 0 | X41: =F41 -> 0 | Y41: =G41 -> 0 | Z41: =H41 -> 0 | AA41: =I41 -> 0 | AB41: =J41 -> 0 | ... AL41: =T41 -> 0 | AP41: =IF(V41>0,LARGE(U41:AL41,1),0) -> 0 | AQ41: =IFERROR(__xludf.DUMMYFUNCTION("IF(V41>0,MIN(FILTER(U41:AL41, U41:AL41<>0)),0)"),0.0) -> 0 | AS41: =AP41-AQ41 -> 0 | AU41: =COUNTIF(C41:T41, ">0") -> 0 | AW41: =IF(X41>0,LARGE(U41:AL41,2),0) -> 0 | AX41: =IFERROR(__xludf.DUMMYFUNCTION("IF(X41>0,SMALL(FILTER(U41:AL41, U41:AL41<>0), 2),0)"),0.0) -> 0 | AY41: =IF(V41=0,0,AW41-AX41) -> 0 | AZ41: =IF(Y41>0,LARGE(U41:AL41,3),0) -> 0 | BA41: =IFERROR(__xludf.DUMMYFUNCTION("IF(Y41>0,SMALL(FILTER(U41:AL41, U41:AL41<>0), 3),0)"),0.0) -> 0 | BB41: =AZ41-BA41 -> 0
A42: =Spieler!A43 -> 38 | B42: =VLOOKUP(A42,Spieler!A:F,2,0) | C42: =IF(B42=0,0,VLOOKUP(B42,Datensammler!B:U,3,0)) -> 0 | D42: =IF(B42=0,0,VLOOKUP(B42,Datensammler!B:U,4,0)) -> 0 | E42: =IF(B42=0,0,VLOOKUP(B42,Datensammler!B:U,5,0)) -> 0 | F42: =IF(B42=0,0,VLOOKUP(B42,Datensammler!B:U,6,0)) -> 0 | G42: =IF(B42=0,0,VLOOKUP(B42,Datensammler!B:U,7,0)) -> 0 | H42: =IF(B42=0,0,VLOOKUP(B42,Datensammler!B:U,8,0)) -> 0 | I42: =IF(B42=0,0,VLOOKUP(B42,Datensammler!B:U,9,0)) -> 0 | J42: =IF(B42=0,0,VLOOKUP(B42,Datensammler!B:U,10,0)) -> 0 | K42: =IF(B42=0,0,VLOOKUP(B42,Datensammler!B:U,11,0)) -> 0 | L42: =IF(B42=0,0,VLOOKUP(B42,Datensammler!B:U,12,0)) -> 0 | M42: =IF(B42=0,0,VLOOKUP(B42,Datensammler!B:U,13,0)) -> 0 | N42: =IF(B42=0,0,VLOOKUP(B42,Datensammler!B:U,14,0)) -> 0 | O42: =IF(B42=0,0,VLOOKUP(B42,Datensammler!B:U,15,0)) -> 0 | P42: =IF(B42=0,0,VLOOKUP(B42,Datensammler!B:U,16,0)) -> 0 | Q42: =IF(B42=0,0,VLOOKUP(B42,Datensammler!B:U,17,0)) -> 0 | R42: =IF(B42=0,0,VLOOKUP(B42,Datensammler!B:U,18,0)) -> 0 | S42: =IF(B42=0,0,VLOOKUP(B42,Datensammler!B:U,19,0)) -> 0 | T42: =IF(B42=0,0,VLOOKUP(B42,Datensammler!B:U,20,0)) -> 0 | U42: =C42 -> 0 | V42: =D42 -> 0 | W42: =E42 -> 0 | X42: =F42 -> 0 | Y42: =G42 -> 0 | Z42: =H42 -> 0 | AA42: =I42 -> 0 | AB42: =J42 -> 0 | ... AL42: =T42 -> 0 | AP42: =IF(V42>0,LARGE(U42:AL42,1),0) -> 0 | AQ42: =IFERROR(__xludf.DUMMYFUNCTION("IF(V42>0,MIN(FILTER(U42:AL42, U42:AL42<>0)),0)"),0.0) -> 0 | AS42: =AP42-AQ42 -> 0 | AU42: =COUNTIF(C42:T42, ">0") -> 0 | AW42: =IF(X42>0,LARGE(U42:AL42,2),0) -> 0 | AX42: =IFERROR(__xludf.DUMMYFUNCTION("IF(X42>0,SMALL(FILTER(U42:AL42, U42:AL42<>0), 2),0)"),0.0) -> 0 | AY42: =IF(V42=0,0,AW42-AX42) -> 0 | AZ42: =IF(Y42>0,LARGE(U42:AL42,3),0) -> 0 | BA42: =IFERROR(__xludf.DUMMYFUNCTION("IF(Y42>0,SMALL(FILTER(U42:AL42, U42:AL42<>0), 3),0)"),0.0) -> 0 | BB42: =AZ42-BA42 -> 0
A43: =Spieler!A44 -> 39 | B43: =VLOOKUP(A43,Spieler!A:F,2,0) | C43: =IF(B43=0,0,VLOOKUP(B43,Datensammler!B:U,3,0)) -> 0 | D43: =IF(B43=0,0,VLOOKUP(B43,Datensammler!B:U,4,0)) -> 0 | E43: =IF(B43=0,0,VLOOKUP(B43,Datensammler!B:U,5,0)) -> 0 | F43: =IF(B43=0,0,VLOOKUP(B43,Datensammler!B:U,6,0)) -> 0 | G43: =IF(B43=0,0,VLOOKUP(B43,Datensammler!B:U,7,0)) -> 0 | H43: =IF(B43=0,0,VLOOKUP(B43,Datensammler!B:U,8,0)) -> 0 | I43: =IF(B43=0,0,VLOOKUP(B43,Datensammler!B:U,9,0)) -> 0 | J43: =IF(B43=0,0,VLOOKUP(B43,Datensammler!B:U,10,0)) -> 0 | K43: =IF(B43=0,0,VLOOKUP(B43,Datensammler!B:U,11,0)) -> 0 | L43: =IF(B43=0,0,VLOOKUP(B43,Datensammler!B:U,12,0)) -> 0 | M43: =IF(B43=0,0,VLOOKUP(B43,Datensammler!B:U,13,0)) -> 0 | N43: =IF(B43=0,0,VLOOKUP(B43,Datensammler!B:U,14,0)) -> 0 | O43: =IF(B43=0,0,VLOOKUP(B43,Datensammler!B:U,15,0)) -> 0 | P43: =IF(B43=0,0,VLOOKUP(B43,Datensammler!B:U,16,0)) -> 0 | Q43: =IF(B43=0,0,VLOOKUP(B43,Datensammler!B:U,17,0)) -> 0 | R43: =IF(B43=0,0,VLOOKUP(B43,Datensammler!B:U,18,0)) -> 0 | S43: =IF(B43=0,0,VLOOKUP(B43,Datensammler!B:U,19,0)) -> 0 | T43: =IF(B43=0,0,VLOOKUP(B43,Datensammler!B:U,20,0)) -> 0 | U43: =C43 -> 0 | V43: =D43 -> 0 | W43: =E43 -> 0 | X43: =F43 -> 0 | Y43: =G43 -> 0 | Z43: =H43 -> 0 | AA43: =I43 -> 0 | AB43: =J43 -> 0 | ... AL43: =T43 -> 0 | AP43: =IF(V43>0,LARGE(U43:AL43,1),0) -> 0 | AQ43: =IFERROR(__xludf.DUMMYFUNCTION("IF(V43>0,MIN(FILTER(U43:AL43, U43:AL43<>0)),0)"),0.0) -> 0 | AS43: =AP43-AQ43 -> 0 | AU43: =COUNTIF(C43:T43, ">0") -> 0 | AW43: =IF(X43>0,LARGE(U43:AL43,2),0) -> 0 | AX43: =IFERROR(__xludf.DUMMYFUNCTION("IF(X43>0,SMALL(FILTER(U43:AL43, U43:AL43<>0), 2),0)"),0.0) -> 0 | AY43: =IF(V43=0,0,AW43-AX43) -> 0 | AZ43: =IF(Y43>0,LARGE(U43:AL43,3),0) -> 0 | BA43: =IFERROR(__xludf.DUMMYFUNCTION("IF(Y43>0,SMALL(FILTER(U43:AL43, U43:AL43<>0), 3),0)"),0.0) -> 0 | BB43: =AZ43-BA43 -> 0
A44: =Spieler!A45 -> 40 | B44: =VLOOKUP(A44,Spieler!A:F,2,0) | C44: =IF(B44=0,0,VLOOKUP(B44,Datensammler!B:U,3,0)) -> 0 | D44: =IF(B44=0,0,VLOOKUP(B44,Datensammler!B:U,4,0)) -> 0 | E44: =IF(B44=0,0,VLOOKUP(B44,Datensammler!B:U,5,0)) -> 0 | F44: =IF(B44=0,0,VLOOKUP(B44,Datensammler!B:U,6,0)) -> 0 | G44: =IF(B44=0,0,VLOOKUP(B44,Datensammler!B:U,7,0)) -> 0 | H44: =IF(B44=0,0,VLOOKUP(B44,Datensammler!B:U,8,0)) -> 0 | I44: =IF(B44=0,0,VLOOKUP(B44,Datensammler!B:U,9,0)) -> 0 | J44: =IF(B44=0,0,VLOOKUP(B44,Datensammler!B:U,10,0)) -> 0 | K44: =IF(B44=0,0,VLOOKUP(B44,Datensammler!B:U,11,0)) -> 0 | L44: =IF(B44=0,0,VLOOKUP(B44,Datensammler!B:U,12,0)) -> 0 | M44: =IF(B44=0,0,VLOOKUP(B44,Datensammler!B:U,13,0)) -> 0 | N44: =IF(B44=0,0,VLOOKUP(B44,Datensammler!B:U,14,0)) -> 0 | O44: =IF(B44=0,0,VLOOKUP(B44,Datensammler!B:U,15,0)) -> 0 | P44: =IF(B44=0,0,VLOOKUP(B44,Datensammler!B:U,16,0)) -> 0 | Q44: =IF(B44=0,0,VLOOKUP(B44,Datensammler!B:U,17,0)) -> 0 | R44: =IF(B44=0,0,VLOOKUP(B44,Datensammler!B:U,18,0)) -> 0 | S44: =IF(B44=0,0,VLOOKUP(B44,Datensammler!B:U,19,0)) -> 0 | T44: =IF(B44=0,0,VLOOKUP(B44,Datensammler!B:U,20,0)) -> 0 | U44: =C44 -> 0 | V44: =D44 -> 0 | W44: =E44 -> 0 | X44: =F44 -> 0 | Y44: =G44 -> 0 | Z44: =H44 -> 0 | AA44: =I44 -> 0 | AB44: =J44 -> 0 | ... AL44: =T44 -> 0 | AP44: =IF(V44>0,LARGE(U44:AL44,1),0) -> 0 | AQ44: =IFERROR(__xludf.DUMMYFUNCTION("IF(V44>0,MIN(FILTER(U44:AL44, U44:AL44<>0)),0)"),0.0) -> 0 | AS44: =AP44-AQ44 -> 0 | AU44: =COUNTIF(C44:T44, ">0") -> 0 | AW44: =IF(X44>0,LARGE(U44:AL44,2),0) -> 0 | AX44: =IFERROR(__xludf.DUMMYFUNCTION("IF(X44>0,SMALL(FILTER(U44:AL44, U44:AL44<>0), 2),0)"),0.0) -> 0 | AY44: =IF(V44=0,0,AW44-AX44) -> 0 | AZ44: =IF(Y44>0,LARGE(U44:AL44,3),0) -> 0 | BA44: =IFERROR(__xludf.DUMMYFUNCTION("IF(Y44>0,SMALL(FILTER(U44:AL44, U44:AL44<>0), 3),0)"),0.0) -> 0 | BB44: =AZ44-BA44 -> 0
A45: =Spieler!A46 -> 41 | B45: =VLOOKUP(A45,Spieler!A:F,2,0) | C45: =IF(B45=0,0,VLOOKUP(B45,Datensammler!B:U,3,0)) -> 0 | D45: =IF(B45=0,0,VLOOKUP(B45,Datensammler!B:U,4,0)) -> 0 | E45: =IF(B45=0,0,VLOOKUP(B45,Datensammler!B:U,5,0)) -> 0 | F45: =IF(B45=0,0,VLOOKUP(B45,Datensammler!B:U,6,0)) -> 0 | G45: =IF(B45=0,0,VLOOKUP(B45,Datensammler!B:U,7,0)) -> 0 | H45: =IF(B45=0,0,VLOOKUP(B45,Datensammler!B:U,8,0)) -> 0 | I45: =IF(B45=0,0,VLOOKUP(B45,Datensammler!B:U,9,0)) -> 0 | J45: =IF(B45=0,0,VLOOKUP(B45,Datensammler!B:U,10,0)) -> 0 | K45: =IF(B45=0,0,VLOOKUP(B45,Datensammler!B:U,11,0)) -> 0 | L45: =IF(B45=0,0,VLOOKUP(B45,Datensammler!B:U,12,0)) -> 0 | M45: =IF(B45=0,0,VLOOKUP(B45,Datensammler!B:U,13,0)) -> 0 | N45: =IF(B45=0,0,VLOOKUP(B45,Datensammler!B:U,14,0)) -> 0 | O45: =IF(B45=0,0,VLOOKUP(B45,Datensammler!B:U,15,0)) -> 0 | P45: =IF(B45=0,0,VLOOKUP(B45,Datensammler!B:U,16,0)) -> 0 | Q45: =IF(B45=0,0,VLOOKUP(B45,Datensammler!B:U,17,0)) -> 0 | R45: =IF(B45=0,0,VLOOKUP(B45,Datensammler!B:U,18,0)) -> 0 | S45: =IF(B45=0,0,VLOOKUP(B45,Datensammler!B:U,19,0)) -> 0 | T45: =IF(B45=0,0,VLOOKUP(B45,Datensammler!B:U,20,0)) -> 0 | U45: =C45 -> 0 | V45: =D45 -> 0 | W45: =E45 -> 0 | X45: =F45 -> 0 | Y45: =G45 -> 0 | Z45: =H45 -> 0 | AA45: =I45 -> 0 | AB45: =J45 -> 0 | ... AL45: =T45 -> 0 | AP45: =IF(V45>0,LARGE(U45:AL45,1),0) -> 0 | AQ45: =IFERROR(__xludf.DUMMYFUNCTION("IF(V45>0,MIN(FILTER(U45:AL45, U45:AL45<>0)),0)"),0.0) -> 0 | AS45: =AP45-AQ45 -> 0 | AU45: =COUNTIF(C45:T45, ">0") -> 0 | AW45: =IF(X45>0,LARGE(U45:AL45,2),0) -> 0 | AX45: =IFERROR(__xludf.DUMMYFUNCTION("IF(X45>0,SMALL(FILTER(U45:AL45, U45:AL45<>0), 2),0)"),0.0) -> 0 | AY45: =IF(V45=0,0,AW45-AX45) -> 0 | AZ45: =IF(Y45>0,LARGE(U45:AL45,3),0) -> 0 | BA45: =IFERROR(__xludf.DUMMYFUNCTION("IF(Y45>0,SMALL(FILTER(U45:AL45, U45:AL45<>0), 3),0)"),0.0) -> 0 | BB45: =AZ45-BA45 -> 0
A46: =Spieler!A47 -> 42 | B46: =VLOOKUP(A46,Spieler!A:F,2,0) | C46: =IF(B46=0,0,VLOOKUP(B46,Datensammler!B:U,3,0)) -> 0 | D46: =IF(B46=0,0,VLOOKUP(B46,Datensammler!B:U,4,0)) -> 0 | E46: =IF(B46=0,0,VLOOKUP(B46,Datensammler!B:U,5,0)) -> 0 | F46: =IF(B46=0,0,VLOOKUP(B46,Datensammler!B:U,6,0)) -> 0 | G46: =IF(B46=0,0,VLOOKUP(B46,Datensammler!B:U,7,0)) -> 0 | H46: =IF(B46=0,0,VLOOKUP(B46,Datensammler!B:U,8,0)) -> 0 | I46: =IF(B46=0,0,VLOOKUP(B46,Datensammler!B:U,9,0)) -> 0 | J46: =IF(B46=0,0,VLOOKUP(B46,Datensammler!B:U,10,0)) -> 0 | K46: =IF(B46=0,0,VLOOKUP(B46,Datensammler!B:U,11,0)) -> 0 | L46: =IF(B46=0,0,VLOOKUP(B46,Datensammler!B:U,12,0)) -> 0 | M46: =IF(B46=0,0,VLOOKUP(B46,Datensammler!B:U,13,0)) -> 0 | N46: =IF(B46=0,0,VLOOKUP(B46,Datensammler!B:U,14,0)) -> 0 | O46: =IF(B46=0,0,VLOOKUP(B46,Datensammler!B:U,15,0)) -> 0 | P46: =IF(B46=0,0,VLOOKUP(B46,Datensammler!B:U,16,0)) -> 0 | Q46: =IF(B46=0,0,VLOOKUP(B46,Datensammler!B:U,17,0)) -> 0 | R46: =IF(B46=0,0,VLOOKUP(B46,Datensammler!B:U,18,0)) -> 0 | S46: =IF(B46=0,0,VLOOKUP(B46,Datensammler!B:U,19,0)) -> 0 | T46: =IF(B46=0,0,VLOOKUP(B46,Datensammler!B:U,20,0)) -> 0 | U46: =C46 -> 0 | V46: =D46 -> 0 | W46: =E46 -> 0 | X46: =F46 -> 0 | Y46: =G46 -> 0 | Z46: =H46 -> 0 | AA46: =I46 -> 0 | AB46: =J46 -> 0 | ... AL46: =T46 -> 0 | AP46: =IF(V46>0,LARGE(U46:AL46,1),0) -> 0 | AQ46: =IFERROR(__xludf.DUMMYFUNCTION("IF(V46>0,MIN(FILTER(U46:AL46, U46:AL46<>0)),0)"),0.0) -> 0 | AS46: =AP46-AQ46 -> 0 | AU46: =COUNTIF(C46:T46, ">0") -> 0 | AW46: =IF(X46>0,LARGE(U46:AL46,2),0) -> 0 | AX46: =IFERROR(__xludf.DUMMYFUNCTION("IF(X46>0,SMALL(FILTER(U46:AL46, U46:AL46<>0), 2),0)"),0.0) -> 0 | AY46: =IF(V46=0,0,AW46-AX46) -> 0 | AZ46: =IF(Y46>0,LARGE(U46:AL46,3),0) -> 0 | BA46: =IFERROR(__xludf.DUMMYFUNCTION("IF(Y46>0,SMALL(FILTER(U46:AL46, U46:AL46<>0), 3),0)"),0.0) -> 0 | BB46: =AZ46-BA46 -> 0
A47: =Spieler!A48 -> 43 | B47: =VLOOKUP(A47,Spieler!A:F,2,0) | C47: =IF(B47=0,0,VLOOKUP(B47,Datensammler!B:U,3,0)) -> 0 | D47: =IF(B47=0,0,VLOOKUP(B47,Datensammler!B:U,4,0)) -> 0 | E47: =IF(B47=0,0,VLOOKUP(B47,Datensammler!B:U,5,0)) -> 0 | F47: =IF(B47=0,0,VLOOKUP(B47,Datensammler!B:U,6,0)) -> 0 | G47: =IF(B47=0,0,VLOOKUP(B47,Datensammler!B:U,7,0)) -> 0 | H47: =IF(B47=0,0,VLOOKUP(B47,Datensammler!B:U,8,0)) -> 0 | I47: =IF(B47=0,0,VLOOKUP(B47,Datensammler!B:U,9,0)) -> 0 | J47: =IF(B47=0,0,VLOOKUP(B47,Datensammler!B:U,10,0)) -> 0 | K47: =IF(B47=0,0,VLOOKUP(B47,Datensammler!B:U,11,0)) -> 0 | L47: =IF(B47=0,0,VLOOKUP(B47,Datensammler!B:U,12,0)) -> 0 | M47: =IF(B47=0,0,VLOOKUP(B47,Datensammler!B:U,13,0)) -> 0 | N47: =IF(B47=0,0,VLOOKUP(B47,Datensammler!B:U,14,0)) -> 0 | O47: =IF(B47=0,0,VLOOKUP(B47,Datensammler!B:U,15,0)) -> 0 | P47: =IF(B47=0,0,VLOOKUP(B47,Datensammler!B:U,16,0)) -> 0 | Q47: =IF(B47=0,0,VLOOKUP(B47,Datensammler!B:U,17,0)) -> 0 | R47: =IF(B47=0,0,VLOOKUP(B47,Datensammler!B:U,18,0)) -> 0 | S47: =IF(B47=0,0,VLOOKUP(B47,Datensammler!B:U,19,0)) -> 0 | T47: =IF(B47=0,0,VLOOKUP(B47,Datensammler!B:U,20,0)) -> 0 | U47: =C47 -> 0 | V47: =D47 -> 0 | W47: =E47 -> 0 | X47: =F47 -> 0 | Y47: =G47 -> 0 | Z47: =H47 -> 0 | AA47: =I47 -> 0 | AB47: =J47 -> 0 | ... AL47: =T47 -> 0 | AP47: =IF(V47>0,LARGE(U47:AL47,1),0) -> 0 | AQ47: =IFERROR(__xludf.DUMMYFUNCTION("IF(V47>0,MIN(FILTER(U47:AL47, U47:AL47<>0)),0)"),0.0) -> 0 | AS47: =AP47-AQ47 -> 0 | AU47: =COUNTIF(C47:T47, ">0") -> 0 | AW47: =IF(X47>0,LARGE(U47:AL47,2),0) -> 0 | AX47: =IFERROR(__xludf.DUMMYFUNCTION("IF(X47>0,SMALL(FILTER(U47:AL47, U47:AL47<>0), 2),0)"),0.0) -> 0 | AY47: =IF(V47=0,0,AW47-AX47) -> 0 | AZ47: =IF(Y47>0,LARGE(U47:AL47,3),0) -> 0 | BA47: =IFERROR(__xludf.DUMMYFUNCTION("IF(Y47>0,SMALL(FILTER(U47:AL47, U47:AL47<>0), 3),0)"),0.0) -> 0 | BB47: =AZ47-BA47 -> 0
A48: =Spieler!A49 -> 44 | B48: =VLOOKUP(A48,Spieler!A:F,2,0) | C48: =IF(B48=0,0,VLOOKUP(B48,Datensammler!B:U,3,0)) -> 0 | D48: =IF(B48=0,0,VLOOKUP(B48,Datensammler!B:U,4,0)) -> 0 | E48: =IF(B48=0,0,VLOOKUP(B48,Datensammler!B:U,5,0)) -> 0 | F48: =IF(B48=0,0,VLOOKUP(B48,Datensammler!B:U,6,0)) -> 0 | G48: =IF(B48=0,0,VLOOKUP(B48,Datensammler!B:U,7,0)) -> 0 | H48: =IF(B48=0,0,VLOOKUP(B48,Datensammler!B:U,8,0)) -> 0 | I48: =IF(B48=0,0,VLOOKUP(B48,Datensammler!B:U,9,0)) -> 0 | J48: =IF(B48=0,0,VLOOKUP(B48,Datensammler!B:U,10,0)) -> 0 | K48: =IF(B48=0,0,VLOOKUP(B48,Datensammler!B:U,11,0)) -> 0 | L48: =IF(B48=0,0,VLOOKUP(B48,Datensammler!B:U,12,0)) -> 0 | M48: =IF(B48=0,0,VLOOKUP(B48,Datensammler!B:U,13,0)) -> 0 | N48: =IF(B48=0,0,VLOOKUP(B48,Datensammler!B:U,14,0)) -> 0 | O48: =IF(B48=0,0,VLOOKUP(B48,Datensammler!B:U,15,0)) -> 0 | P48: =IF(B48=0,0,VLOOKUP(B48,Datensammler!B:U,16,0)) -> 0 | Q48: =IF(B48=0,0,VLOOKUP(B48,Datensammler!B:U,17,0)) -> 0 | R48: =IF(B48=0,0,VLOOKUP(B48,Datensammler!B:U,18,0)) -> 0 | S48: =IF(B48=0,0,VLOOKUP(B48,Datensammler!B:U,19,0)) -> 0 | T48: =IF(B48=0,0,VLOOKUP(B48,Datensammler!B:U,20,0)) -> 0 | U48: =C48 -> 0 | V48: =D48 -> 0 | W48: =E48 -> 0 | X48: =F48 -> 0 | Y48: =G48 -> 0 | Z48: =H48 -> 0 | AA48: =I48 -> 0 | AB48: =J48 -> 0 | ... AL48: =T48 -> 0 | AP48: =IF(V48>0,LARGE(U48:AL48,1),0) -> 0 | AQ48: =IFERROR(__xludf.DUMMYFUNCTION("IF(V48>0,MIN(FILTER(U48:AL48, U48:AL48<>0)),0)"),0.0) -> 0 | AS48: =AP48-AQ48 -> 0 | AU48: =COUNTIF(C48:T48, ">0") -> 0 | AW48: =IF(X48>0,LARGE(U48:AL48,2),0) -> 0 | AX48: =IFERROR(__xludf.DUMMYFUNCTION("IF(X48>0,SMALL(FILTER(U48:AL48, U48:AL48<>0), 2),0)"),0.0) -> 0 | AY48: =IF(V48=0,0,AW48-AX48) -> 0 | AZ48: =IF(Y48>0,LARGE(U48:AL48,3),0) -> 0 | BA48: =IFERROR(__xludf.DUMMYFUNCTION("IF(Y48>0,SMALL(FILTER(U48:AL48, U48:AL48<>0), 3),0)"),0.0) -> 0 | BB48: =AZ48-BA48 -> 0
A49: =Spieler!A50 -> 45 | B49: =VLOOKUP(A49,Spieler!A:F,2,0) | C49: =IF(B49=0,0,VLOOKUP(B49,Datensammler!B:U,3,0)) -> 0 | D49: =IF(B49=0,0,VLOOKUP(B49,Datensammler!B:U,4,0)) -> 0 | E49: =IF(B49=0,0,VLOOKUP(B49,Datensammler!B:U,5,0)) -> 0 | F49: =IF(B49=0,0,VLOOKUP(B49,Datensammler!B:U,6,0)) -> 0 | G49: =IF(B49=0,0,VLOOKUP(B49,Datensammler!B:U,7,0)) -> 0 | H49: =IF(B49=0,0,VLOOKUP(B49,Datensammler!B:U,8,0)) -> 0 | I49: =IF(B49=0,0,VLOOKUP(B49,Datensammler!B:U,9,0)) -> 0 | J49: =IF(B49=0,0,VLOOKUP(B49,Datensammler!B:U,10,0)) -> 0 | K49: =IF(B49=0,0,VLOOKUP(B49,Datensammler!B:U,11,0)) -> 0 | L49: =IF(B49=0,0,VLOOKUP(B49,Datensammler!B:U,12,0)) -> 0 | M49: =IF(B49=0,0,VLOOKUP(B49,Datensammler!B:U,13,0)) -> 0 | N49: =IF(B49=0,0,VLOOKUP(B49,Datensammler!B:U,14,0)) -> 0 | O49: =IF(B49=0,0,VLOOKUP(B49,Datensammler!B:U,15,0)) -> 0 | P49: =IF(B49=0,0,VLOOKUP(B49,Datensammler!B:U,16,0)) -> 0 | Q49: =IF(B49=0,0,VLOOKUP(B49,Datensammler!B:U,17,0)) -> 0 | R49: =IF(B49=0,0,VLOOKUP(B49,Datensammler!B:U,18,0)) -> 0 | S49: =IF(B49=0,0,VLOOKUP(B49,Datensammler!B:U,19,0)) -> 0 | T49: =IF(B49=0,0,VLOOKUP(B49,Datensammler!B:U,20,0)) -> 0 | U49: =C49 -> 0 | V49: =D49 -> 0 | W49: =E49 -> 0 | X49: =F49 -> 0 | Y49: =G49 -> 0 | Z49: =H49 -> 0 | AA49: =I49 -> 0 | AB49: =J49 -> 0 | ... AL49: =T49 -> 0 | AP49: =IF(V49>0,LARGE(U49:AL49,1),0) -> 0 | AQ49: =IFERROR(__xludf.DUMMYFUNCTION("IF(V49>0,MIN(FILTER(U49:AL49, U49:AL49<>0)),0)"),0.0) -> 0 | AS49: =AP49-AQ49 -> 0 | AU49: =COUNTIF(C49:T49, ">0") -> 0 | AW49: =IF(X49>0,LARGE(U49:AL49,2),0) -> 0 | AX49: =IFERROR(__xludf.DUMMYFUNCTION("IF(X49>0,SMALL(FILTER(U49:AL49, U49:AL49<>0), 2),0)"),0.0) -> 0 | AY49: =IF(V49=0,0,AW49-AX49) -> 0 | AZ49: =IF(Y49>0,LARGE(U49:AL49,3),0) -> 0 | BA49: =IFERROR(__xludf.DUMMYFUNCTION("IF(Y49>0,SMALL(FILTER(U49:AL49, U49:AL49<>0), 3),0)"),0.0) -> 0 | BB49: =AZ49-BA49 -> 0
A50: =Spieler!A51 -> 46 | B50: =VLOOKUP(A50,Spieler!A:F,2,0) | C50: =IF(B50=0,0,VLOOKUP(B50,Datensammler!B:U,3,0)) -> 0 | D50: =IF(B50=0,0,VLOOKUP(B50,Datensammler!B:U,4,0)) -> 0 | E50: =IF(B50=0,0,VLOOKUP(B50,Datensammler!B:U,5,0)) -> 0 | F50: =IF(B50=0,0,VLOOKUP(B50,Datensammler!B:U,6,0)) -> 0 | G50: =IF(B50=0,0,VLOOKUP(B50,Datensammler!B:U,7,0)) -> 0 | H50: =IF(B50=0,0,VLOOKUP(B50,Datensammler!B:U,8,0)) -> 0 | I50: =IF(B50=0,0,VLOOKUP(B50,Datensammler!B:U,9,0)) -> 0 | J50: =IF(B50=0,0,VLOOKUP(B50,Datensammler!B:U,10,0)) -> 0 | K50: =IF(B50=0,0,VLOOKUP(B50,Datensammler!B:U,11,0)) -> 0 | L50: =IF(B50=0,0,VLOOKUP(B50,Datensammler!B:U,12,0)) -> 0 | M50: =IF(B50=0,0,VLOOKUP(B50,Datensammler!B:U,13,0)) -> 0 | N50: =IF(B50=0,0,VLOOKUP(B50,Datensammler!B:U,14,0)) -> 0 | O50: =IF(B50=0,0,VLOOKUP(B50,Datensammler!B:U,15,0)) -> 0 | P50: =IF(B50=0,0,VLOOKUP(B50,Datensammler!B:U,16,0)) -> 0 | Q50: =IF(B50=0,0,VLOOKUP(B50,Datensammler!B:U,17,0)) -> 0 | R50: =IF(B50=0,0,VLOOKUP(B50,Datensammler!B:U,18,0)) -> 0 | S50: =IF(B50=0,0,VLOOKUP(B50,Datensammler!B:U,19,0)) -> 0 | T50: =IF(B50=0,0,VLOOKUP(B50,Datensammler!B:U,20,0)) -> 0 | U50: =C50 -> 0 | V50: =D50 -> 0 | W50: =E50 -> 0 | X50: =F50 -> 0 | Y50: =G50 -> 0 | Z50: =H50 -> 0 | AA50: =I50 -> 0 | AB50: =J50 -> 0 | ... AL50: =T50 -> 0 | AP50: =IF(V50>0,LARGE(U50:AL50,1),0) -> 0 | AQ50: =IFERROR(__xludf.DUMMYFUNCTION("IF(V50>0,MIN(FILTER(U50:AL50, U50:AL50<>0)),0)"),0.0) -> 0 | AS50: =AP50-AQ50 -> 0 | AU50: =COUNTIF(C50:T50, ">0") -> 0 | AW50: =IF(X50>0,LARGE(U50:AL50,2),0) -> 0 | AX50: =IFERROR(__xludf.DUMMYFUNCTION("IF(X50>0,SMALL(FILTER(U50:AL50, U50:AL50<>0), 2),0)"),0.0) -> 0 | AY50: =IF(V50=0,0,AW50-AX50) -> 0 | AZ50: =IF(Y50>0,LARGE(U50:AL50,3),0) -> 0 | BA50: =IFERROR(__xludf.DUMMYFUNCTION("IF(Y50>0,SMALL(FILTER(U50:AL50, U50:AL50<>0), 3),0)"),0.0) -> 0 | BB50: =AZ50-BA50 -> 0
A51: =Spieler!A52 -> 47 | B51: =VLOOKUP(A51,Spieler!A:F,2,0) | C51: =IF(B51=0,0,VLOOKUP(B51,Datensammler!B:U,3,0)) -> 0 | D51: =IF(B51=0,0,VLOOKUP(B51,Datensammler!B:U,4,0)) -> 0 | E51: =IF(B51=0,0,VLOOKUP(B51,Datensammler!B:U,5,0)) -> 0 | F51: =IF(B51=0,0,VLOOKUP(B51,Datensammler!B:U,6,0)) -> 0 | G51: =IF(B51=0,0,VLOOKUP(B51,Datensammler!B:U,7,0)) -> 0 | H51: =IF(B51=0,0,VLOOKUP(B51,Datensammler!B:U,8,0)) -> 0 | I51: =IF(B51=0,0,VLOOKUP(B51,Datensammler!B:U,9,0)) -> 0 | J51: =IF(B51=0,0,VLOOKUP(B51,Datensammler!B:U,10,0)) -> 0 | K51: =IF(B51=0,0,VLOOKUP(B51,Datensammler!B:U,11,0)) -> 0 | L51: =IF(B51=0,0,VLOOKUP(B51,Datensammler!B:U,12,0)) -> 0 | M51: =IF(B51=0,0,VLOOKUP(B51,Datensammler!B:U,13,0)) -> 0 | N51: =IF(B51=0,0,VLOOKUP(B51,Datensammler!B:U,14,0)) -> 0 | O51: =IF(B51=0,0,VLOOKUP(B51,Datensammler!B:U,15,0)) -> 0 | P51: =IF(B51=0,0,VLOOKUP(B51,Datensammler!B:U,16,0)) -> 0 | Q51: =IF(B51=0,0,VLOOKUP(B51,Datensammler!B:U,17,0)) -> 0 | R51: =IF(B51=0,0,VLOOKUP(B51,Datensammler!B:U,18,0)) -> 0 | S51: =IF(B51=0,0,VLOOKUP(B51,Datensammler!B:U,19,0)) -> 0 | T51: =IF(B51=0,0,VLOOKUP(B51,Datensammler!B:U,20,0)) -> 0 | U51: =C51 -> 0 | V51: =D51 -> 0 | W51: =E51 -> 0 | X51: =F51 -> 0 | Y51: =G51 -> 0 | Z51: =H51 -> 0 | AA51: =I51 -> 0 | AB51: =J51 -> 0 | ... AL51: =T51 -> 0 | AP51: =IF(V51>0,LARGE(U51:AL51,1),0) -> 0 | AQ51: =IFERROR(__xludf.DUMMYFUNCTION("IF(V51>0,MIN(FILTER(U51:AL51, U51:AL51<>0)),0)"),0.0) -> 0 | AS51: =AP51-AQ51 -> 0 | AU51: =COUNTIF(C51:T51, ">0") -> 0 | AW51: =IF(X51>0,LARGE(U51:AL51,2),0) -> 0 | AX51: =IFERROR(__xludf.DUMMYFUNCTION("IF(X51>0,SMALL(FILTER(U51:AL51, U51:AL51<>0), 2),0)"),0.0) -> 0 | AY51: =IF(V51=0,0,AW51-AX51) -> 0 | AZ51: =IF(Y51>0,LARGE(U51:AL51,3),0) -> 0 | BA51: =IFERROR(__xludf.DUMMYFUNCTION("IF(Y51>0,SMALL(FILTER(U51:AL51, U51:AL51<>0), 3),0)"),0.0) -> 0 | BB51: =AZ51-BA51 -> 0
A52: =Spieler!A53 -> 48 | B52: =VLOOKUP(A52,Spieler!A:F,2,0) | C52: =IF(B52=0,0,VLOOKUP(B52,Datensammler!B:U,3,0)) -> 0 | D52: =IF(B52=0,0,VLOOKUP(B52,Datensammler!B:U,4,0)) -> 0 | E52: =IF(B52=0,0,VLOOKUP(B52,Datensammler!B:U,5,0)) -> 0 | F52: =IF(B52=0,0,VLOOKUP(B52,Datensammler!B:U,6,0)) -> 0 | G52: =IF(B52=0,0,VLOOKUP(B52,Datensammler!B:U,7,0)) -> 0 | H52: =IF(B52=0,0,VLOOKUP(B52,Datensammler!B:U,8,0)) -> 0 | I52: =IF(B52=0,0,VLOOKUP(B52,Datensammler!B:U,9,0)) -> 0 | J52: =IF(B52=0,0,VLOOKUP(B52,Datensammler!B:U,10,0)) -> 0 | K52: =IF(B52=0,0,VLOOKUP(B52,Datensammler!B:U,11,0)) -> 0 | L52: =IF(B52=0,0,VLOOKUP(B52,Datensammler!B:U,12,0)) -> 0 | M52: =IF(B52=0,0,VLOOKUP(B52,Datensammler!B:U,13,0)) -> 0 | N52: =IF(B52=0,0,VLOOKUP(B52,Datensammler!B:U,14,0)) -> 0 | O52: =IF(B52=0,0,VLOOKUP(B52,Datensammler!B:U,15,0)) -> 0 | P52: =IF(B52=0,0,VLOOKUP(B52,Datensammler!B:U,16,0)) -> 0 | Q52: =IF(B52=0,0,VLOOKUP(B52,Datensammler!B:U,17,0)) -> 0 | R52: =IF(B52=0,0,VLOOKUP(B52,Datensammler!B:U,18,0)) -> 0 | S52: =IF(B52=0,0,VLOOKUP(B52,Datensammler!B:U,19,0)) -> 0 | T52: =IF(B52=0,0,VLOOKUP(B52,Datensammler!B:U,20,0)) -> 0 | U52: =C52 -> 0 | V52: =D52 -> 0 | W52: =E52 -> 0 | X52: =F52 -> 0 | Y52: =G52 -> 0 | Z52: =H52 -> 0 | AA52: =I52 -> 0 | AB52: =J52 -> 0 | ... AL52: =T52 -> 0 | AP52: =IF(V52>0,LARGE(U52:AL52,1),0) -> 0 | AQ52: =IFERROR(__xludf.DUMMYFUNCTION("IF(V52>0,MIN(FILTER(U52:AL52, U52:AL52<>0)),0)"),0.0) -> 0 | AS52: =AP52-AQ52 -> 0 | AU52: =COUNTIF(C52:T52, ">0") -> 0 | AW52: =IF(X52>0,LARGE(U52:AL52,2),0) -> 0 | AX52: =IFERROR(__xludf.DUMMYFUNCTION("IF(X52>0,SMALL(FILTER(U52:AL52, U52:AL52<>0), 2),0)"),0.0) -> 0 | AY52: =IF(V52=0,0,AW52-AX52) -> 0 | AZ52: =IF(Y52>0,LARGE(U52:AL52,3),0) -> 0 | BA52: =IFERROR(__xludf.DUMMYFUNCTION("IF(Y52>0,SMALL(FILTER(U52:AL52, U52:AL52<>0), 3),0)"),0.0) -> 0 | BB52: =AZ52-BA52 -> 0
A53: =Spieler!A54 -> 49 | B53: =VLOOKUP(A53,Spieler!A:F,2,0) | C53: =IF(B53=0,0,VLOOKUP(B53,Datensammler!B:U,3,0)) -> 0 | D53: =IF(B53=0,0,VLOOKUP(B53,Datensammler!B:U,4,0)) -> 0 | E53: =IF(B53=0,0,VLOOKUP(B53,Datensammler!B:U,5,0)) -> 0 | F53: =IF(B53=0,0,VLOOKUP(B53,Datensammler!B:U,6,0)) -> 0 | G53: =IF(B53=0,0,VLOOKUP(B53,Datensammler!B:U,7,0)) -> 0 | H53: =IF(B53=0,0,VLOOKUP(B53,Datensammler!B:U,8,0)) -> 0 | I53: =IF(B53=0,0,VLOOKUP(B53,Datensammler!B:U,9,0)) -> 0 | J53: =IF(B53=0,0,VLOOKUP(B53,Datensammler!B:U,10,0)) -> 0 | K53: =IF(B53=0,0,VLOOKUP(B53,Datensammler!B:U,11,0)) -> 0 | L53: =IF(B53=0,0,VLOOKUP(B53,Datensammler!B:U,12,0)) -> 0 | M53: =IF(B53=0,0,VLOOKUP(B53,Datensammler!B:U,13,0)) -> 0 | N53: =IF(B53=0,0,VLOOKUP(B53,Datensammler!B:U,14,0)) -> 0 | O53: =IF(B53=0,0,VLOOKUP(B53,Datensammler!B:U,15,0)) -> 0 | P53: =IF(B53=0,0,VLOOKUP(B53,Datensammler!B:U,16,0)) -> 0 | Q53: =IF(B53=0,0,VLOOKUP(B53,Datensammler!B:U,17,0)) -> 0 | R53: =IF(B53=0,0,VLOOKUP(B53,Datensammler!B:U,18,0)) -> 0 | S53: =IF(B53=0,0,VLOOKUP(B53,Datensammler!B:U,19,0)) -> 0 | T53: =IF(B53=0,0,VLOOKUP(B53,Datensammler!B:U,20,0)) -> 0 | U53: =C53 -> 0 | V53: =D53 -> 0 | W53: =E53 -> 0 | X53: =F53 -> 0 | Y53: =G53 -> 0 | Z53: =H53 -> 0 | AA53: =I53 -> 0 | AB53: =J53 -> 0 | ... AL53: =T53 -> 0 | AP53: =IF(V53>0,LARGE(U53:AL53,1),0) -> 0 | AQ53: =IFERROR(__xludf.DUMMYFUNCTION("IF(V53>0,MIN(FILTER(U53:AL53, U53:AL53<>0)),0)"),0.0) -> 0 | AS53: =AP53-AQ53 -> 0 | AU53: =COUNTIF(C53:T53, ">0") -> 0 | AW53: =IF(X53>0,LARGE(U53:AL53,2),0) -> 0 | AX53: =IFERROR(__xludf.DUMMYFUNCTION("IF(X53>0,SMALL(FILTER(U53:AL53, U53:AL53<>0), 2),0)"),0.0) -> 0 | AY53: =IF(V53=0,0,AW53-AX53) -> 0 | AZ53: =IF(Y53>0,LARGE(U53:AL53,3),0) -> 0 | BA53: =IFERROR(__xludf.DUMMYFUNCTION("IF(Y53>0,SMALL(FILTER(U53:AL53, U53:AL53<>0), 3),0)"),0.0) -> 0 | BB53: =AZ53-BA53 -> 0
A54: =Spieler!A55 -> 50 | B54: =VLOOKUP(A54,Spieler!A:F,2,0) | C54: =IF(B54=0,0,VLOOKUP(B54,Datensammler!B:U,3,0)) -> 0 | D54: =IF(B54=0,0,VLOOKUP(B54,Datensammler!B:U,4,0)) -> 0 | E54: =IF(B54=0,0,VLOOKUP(B54,Datensammler!B:U,5,0)) -> 0 | F54: =IF(B54=0,0,VLOOKUP(B54,Datensammler!B:U,6,0)) -> 0 | G54: =IF(B54=0,0,VLOOKUP(B54,Datensammler!B:U,7,0)) -> 0 | H54: =IF(B54=0,0,VLOOKUP(B54,Datensammler!B:U,8,0)) -> 0 | I54: =IF(B54=0,0,VLOOKUP(B54,Datensammler!B:U,9,0)) -> 0 | J54: =IF(B54=0,0,VLOOKUP(B54,Datensammler!B:U,10,0)) -> 0 | K54: =IF(B54=0,0,VLOOKUP(B54,Datensammler!B:U,11,0)) -> 0 | L54: =IF(B54=0,0,VLOOKUP(B54,Datensammler!B:U,12,0)) -> 0 | M54: =IF(B54=0,0,VLOOKUP(B54,Datensammler!B:U,13,0)) -> 0 | N54: =IF(B54=0,0,VLOOKUP(B54,Datensammler!B:U,14,0)) -> 0 | O54: =IF(B54=0,0,VLOOKUP(B54,Datensammler!B:U,15,0)) -> 0 | P54: =IF(B54=0,0,VLOOKUP(B54,Datensammler!B:U,16,0)) -> 0 | Q54: =IF(B54=0,0,VLOOKUP(B54,Datensammler!B:U,17,0)) -> 0 | R54: =IF(B54=0,0,VLOOKUP(B54,Datensammler!B:U,18,0)) -> 0 | S54: =IF(B54=0,0,VLOOKUP(B54,Datensammler!B:U,19,0)) -> 0 | T54: =IF(B54=0,0,VLOOKUP(B54,Datensammler!B:U,20,0)) -> 0 | U54: =C54 -> 0 | V54: =D54 -> 0 | W54: =E54 -> 0 | X54: =F54 -> 0 | Y54: =G54 -> 0 | Z54: =H54 -> 0 | AA54: =I54 -> 0 | AB54: =J54 -> 0 | ... AL54: =T54 -> 0 | AP54: =IF(V54>0,LARGE(U54:AL54,1),0) -> 0 | AQ54: =IFERROR(__xludf.DUMMYFUNCTION("IF(V54>0,MIN(FILTER(U54:AL54, U54:AL54<>0)),0)"),0.0) -> 0 | AS54: =AP54-AQ54 -> 0 | AU54: =COUNTIF(C54:T54, ">0") -> 0 | AW54: =IF(X54>0,LARGE(U54:AL54,2),0) -> 0 | AX54: =IFERROR(__xludf.DUMMYFUNCTION("IF(X54>0,SMALL(FILTER(U54:AL54, U54:AL54<>0), 2),0)"),0.0) -> 0 | AY54: =IF(V54=0,0,AW54-AX54) -> 0 | AZ54: =IF(Y54>0,LARGE(U54:AL54,3),0) -> 0 | BA54: =IFERROR(__xludf.DUMMYFUNCTION("IF(Y54>0,SMALL(FILTER(U54:AL54, U54:AL54<>0), 3),0)"),0.0) -> 0 | BB54: =AZ54-BA54 -> 0
A55: =Spieler!A56 -> 51 | B55: =VLOOKUP(A55,Spieler!A:F,2,0) | C55: =IF(B55=0,0,VLOOKUP(B55,Datensammler!B:U,3,0)) -> 0 | D55: =IF(B55=0,0,VLOOKUP(B55,Datensammler!B:U,4,0)) -> 0 | E55: =IF(B55=0,0,VLOOKUP(B55,Datensammler!B:U,5,0)) -> 0 | F55: =IF(B55=0,0,VLOOKUP(B55,Datensammler!B:U,6,0)) -> 0 | G55: =IF(B55=0,0,VLOOKUP(B55,Datensammler!B:U,7,0)) -> 0 | H55: =IF(B55=0,0,VLOOKUP(B55,Datensammler!B:U,8,0)) -> 0 | I55: =IF(B55=0,0,VLOOKUP(B55,Datensammler!B:U,9,0)) -> 0 | J55: =IF(B55=0,0,VLOOKUP(B55,Datensammler!B:U,10,0)) -> 0 | K55: =IF(B55=0,0,VLOOKUP(B55,Datensammler!B:U,11,0)) -> 0 | L55: =IF(B55=0,0,VLOOKUP(B55,Datensammler!B:U,12,0)) -> 0 | M55: =IF(B55=0,0,VLOOKUP(B55,Datensammler!B:U,13,0)) -> 0 | N55: =IF(B55=0,0,VLOOKUP(B55,Datensammler!B:U,14,0)) -> 0 | O55: =IF(B55=0,0,VLOOKUP(B55,Datensammler!B:U,15,0)) -> 0 | P55: =IF(B55=0,0,VLOOKUP(B55,Datensammler!B:U,16,0)) -> 0 | Q55: =IF(B55=0,0,VLOOKUP(B55,Datensammler!B:U,17,0)) -> 0 | R55: =IF(B55=0,0,VLOOKUP(B55,Datensammler!B:U,18,0)) -> 0 | S55: =IF(B55=0,0,VLOOKUP(B55,Datensammler!B:U,19,0)) -> 0 | T55: =IF(B55=0,0,VLOOKUP(B55,Datensammler!B:U,20,0)) -> 0 | U55: =C55 -> 0 | V55: =D55 -> 0 | W55: =E55 -> 0 | X55: =F55 -> 0 | Y55: =G55 -> 0 | Z55: =H55 -> 0 | AA55: =I55 -> 0 | AB55: =J55 -> 0 | ... AL55: =T55 -> 0 | AP55: =IF(V55>0,LARGE(U55:AL55,1),0) -> 0 | AQ55: =IFERROR(__xludf.DUMMYFUNCTION("IF(V55>0,MIN(FILTER(U55:AL55, U55:AL55<>0)),0)"),0.0) -> 0 | AS55: =AP55-AQ55 -> 0 | AU55: =COUNTIF(C55:T55, ">0") -> 0 | AW55: =IF(X55>0,LARGE(U55:AL55,2),0) -> 0 | AX55: =IFERROR(__xludf.DUMMYFUNCTION("IF(X55>0,SMALL(FILTER(U55:AL55, U55:AL55<>0), 2),0)"),0.0) -> 0 | AY55: =IF(V55=0,0,AW55-AX55) -> 0 | AZ55: =IF(Y55>0,LARGE(U55:AL55,3),0) -> 0 | BA55: =IFERROR(__xludf.DUMMYFUNCTION("IF(Y55>0,SMALL(FILTER(U55:AL55, U55:AL55<>0), 3),0)"),0.0) -> 0 | BB55: =AZ55-BA55 -> 0
A56: =Spieler!A57 -> 52 | B56: =VLOOKUP(A56,Spieler!A:F,2,0) | C56: =IF(B56=0,0,VLOOKUP(B56,Datensammler!B:U,3,0)) -> 0 | D56: =IF(B56=0,0,VLOOKUP(B56,Datensammler!B:U,4,0)) -> 0 | E56: =IF(B56=0,0,VLOOKUP(B56,Datensammler!B:U,5,0)) -> 0 | F56: =IF(B56=0,0,VLOOKUP(B56,Datensammler!B:U,6,0)) -> 0 | G56: =IF(B56=0,0,VLOOKUP(B56,Datensammler!B:U,7,0)) -> 0 | H56: =IF(B56=0,0,VLOOKUP(B56,Datensammler!B:U,8,0)) -> 0 | I56: =IF(B56=0,0,VLOOKUP(B56,Datensammler!B:U,9,0)) -> 0 | J56: =IF(B56=0,0,VLOOKUP(B56,Datensammler!B:U,10,0)) -> 0 | K56: =IF(B56=0,0,VLOOKUP(B56,Datensammler!B:U,11,0)) -> 0 | L56: =IF(B56=0,0,VLOOKUP(B56,Datensammler!B:U,12,0)) -> 0 | M56: =IF(B56=0,0,VLOOKUP(B56,Datensammler!B:U,13,0)) -> 0 | N56: =IF(B56=0,0,VLOOKUP(B56,Datensammler!B:U,14,0)) -> 0 | O56: =IF(B56=0,0,VLOOKUP(B56,Datensammler!B:U,15,0)) -> 0 | P56: =IF(B56=0,0,VLOOKUP(B56,Datensammler!B:U,16,0)) -> 0 | Q56: =IF(B56=0,0,VLOOKUP(B56,Datensammler!B:U,17,0)) -> 0 | R56: =IF(B56=0,0,VLOOKUP(B56,Datensammler!B:U,18,0)) -> 0 | S56: =IF(B56=0,0,VLOOKUP(B56,Datensammler!B:U,19,0)) -> 0 | T56: =IF(B56=0,0,VLOOKUP(B56,Datensammler!B:U,20,0)) -> 0 | U56: =C56 -> 0 | V56: =D56 -> 0 | W56: =E56 -> 0 | X56: =F56 -> 0 | Y56: =G56 -> 0 | Z56: =H56 -> 0 | AA56: =I56 -> 0 | AB56: =J56 -> 0 | ... AL56: =T56 -> 0 | AP56: =IF(V56>0,LARGE(U56:AL56,1),0) -> 0 | AQ56: =IFERROR(__xludf.DUMMYFUNCTION("IF(V56>0,MIN(FILTER(U56:AL56, U56:AL56<>0)),0)"),0.0) -> 0 | AS56: =AP56-AQ56 -> 0 | AU56: =COUNTIF(C56:T56, ">0") -> 0 | AW56: =IF(X56>0,LARGE(U56:AL56,2),0) -> 0 | AX56: =IFERROR(__xludf.DUMMYFUNCTION("IF(X56>0,SMALL(FILTER(U56:AL56, U56:AL56<>0), 2),0)"),0.0) -> 0 | AY56: =IF(V56=0,0,AW56-AX56) -> 0 | AZ56: =IF(Y56>0,LARGE(U56:AL56,3),0) -> 0 | BA56: =IFERROR(__xludf.DUMMYFUNCTION("IF(Y56>0,SMALL(FILTER(U56:AL56, U56:AL56<>0), 3),0)"),0.0) -> 0 | BB56: =AZ56-BA56 -> 0
A57: =Spieler!A58 -> 53 | B57: =VLOOKUP(A57,Spieler!A:F,2,0) | C57: =IF(B57=0,0,VLOOKUP(B57,Datensammler!B:U,3,0)) -> 0 | D57: =IF(B57=0,0,VLOOKUP(B57,Datensammler!B:U,4,0)) -> 0 | E57: =IF(B57=0,0,VLOOKUP(B57,Datensammler!B:U,5,0)) -> 0 | F57: =IF(B57=0,0,VLOOKUP(B57,Datensammler!B:U,6,0)) -> 0 | G57: =IF(B57=0,0,VLOOKUP(B57,Datensammler!B:U,7,0)) -> 0 | H57: =IF(B57=0,0,VLOOKUP(B57,Datensammler!B:U,8,0)) -> 0 | I57: =IF(B57=0,0,VLOOKUP(B57,Datensammler!B:U,9,0)) -> 0 | J57: =IF(B57=0,0,VLOOKUP(B57,Datensammler!B:U,10,0)) -> 0 | K57: =IF(B57=0,0,VLOOKUP(B57,Datensammler!B:U,11,0)) -> 0 | L57: =IF(B57=0,0,VLOOKUP(B57,Datensammler!B:U,12,0)) -> 0 | M57: =IF(B57=0,0,VLOOKUP(B57,Datensammler!B:U,13,0)) -> 0 | N57: =IF(B57=0,0,VLOOKUP(B57,Datensammler!B:U,14,0)) -> 0 | O57: =IF(B57=0,0,VLOOKUP(B57,Datensammler!B:U,15,0)) -> 0 | P57: =IF(B57=0,0,VLOOKUP(B57,Datensammler!B:U,16,0)) -> 0 | Q57: =IF(B57=0,0,VLOOKUP(B57,Datensammler!B:U,17,0)) -> 0 | R57: =IF(B57=0,0,VLOOKUP(B57,Datensammler!B:U,18,0)) -> 0 | S57: =IF(B57=0,0,VLOOKUP(B57,Datensammler!B:U,19,0)) -> 0 | T57: =IF(B57=0,0,VLOOKUP(B57,Datensammler!B:U,20,0)) -> 0 | U57: =C57 -> 0 | V57: =D57 -> 0 | W57: =E57 -> 0 | X57: =F57 -> 0 | Y57: =G57 -> 0 | Z57: =H57 -> 0 | AA57: =I57 -> 0 | AB57: =J57 -> 0 | ... AL57: =T57 -> 0 | AP57: =IF(V57>0,LARGE(U57:AL57,1),0) -> 0 | AQ57: =IFERROR(__xludf.DUMMYFUNCTION("IF(V57>0,MIN(FILTER(U57:AL57, U57:AL57<>0)),0)"),0.0) -> 0 | AS57: =AP57-AQ57 -> 0 | AU57: =COUNTIF(C57:T57, ">0") -> 0 | AW57: =IF(X57>0,LARGE(U57:AL57,2),0) -> 0 | AX57: =IFERROR(__xludf.DUMMYFUNCTION("IF(X57>0,SMALL(FILTER(U57:AL57, U57:AL57<>0), 2),0)"),0.0) -> 0 | AY57: =IF(V57=0,0,AW57-AX57) -> 0 | AZ57: =IF(Y57>0,LARGE(U57:AL57,3),0) -> 0 | BA57: =IFERROR(__xludf.DUMMYFUNCTION("IF(Y57>0,SMALL(FILTER(U57:AL57, U57:AL57<>0), 3),0)"),0.0) -> 0 | BB57: =AZ57-BA57 -> 0
A58: =Spieler!A59 -> 54 | B58: =VLOOKUP(A58,Spieler!A:F,2,0) | C58: =IF(B58=0,0,VLOOKUP(B58,Datensammler!B:U,3,0)) -> 0 | D58: =IF(B58=0,0,VLOOKUP(B58,Datensammler!B:U,4,0)) -> 0 | E58: =IF(B58=0,0,VLOOKUP(B58,Datensammler!B:U,5,0)) -> 0 | F58: =IF(B58=0,0,VLOOKUP(B58,Datensammler!B:U,6,0)) -> 0 | G58: =IF(B58=0,0,VLOOKUP(B58,Datensammler!B:U,7,0)) -> 0 | H58: =IF(B58=0,0,VLOOKUP(B58,Datensammler!B:U,8,0)) -> 0 | I58: =IF(B58=0,0,VLOOKUP(B58,Datensammler!B:U,9,0)) -> 0 | J58: =IF(B58=0,0,VLOOKUP(B58,Datensammler!B:U,10,0)) -> 0 | K58: =IF(B58=0,0,VLOOKUP(B58,Datensammler!B:U,11,0)) -> 0 | L58: =IF(B58=0,0,VLOOKUP(B58,Datensammler!B:U,12,0)) -> 0 | M58: =IF(B58=0,0,VLOOKUP(B58,Datensammler!B:U,13,0)) -> 0 | N58: =IF(B58=0,0,VLOOKUP(B58,Datensammler!B:U,14,0)) -> 0 | O58: =IF(B58=0,0,VLOOKUP(B58,Datensammler!B:U,15,0)) -> 0 | P58: =IF(B58=0,0,VLOOKUP(B58,Datensammler!B:U,16,0)) -> 0 | Q58: =IF(B58=0,0,VLOOKUP(B58,Datensammler!B:U,17,0)) -> 0 | R58: =IF(B58=0,0,VLOOKUP(B58,Datensammler!B:U,18,0)) -> 0 | S58: =IF(B58=0,0,VLOOKUP(B58,Datensammler!B:U,19,0)) -> 0 | T58: =IF(B58=0,0,VLOOKUP(B58,Datensammler!B:U,20,0)) -> 0 | U58: =C58 -> 0 | V58: =D58 -> 0 | W58: =E58 -> 0 | X58: =F58 -> 0 | Y58: =G58 -> 0 | Z58: =H58 -> 0 | AA58: =I58 -> 0 | AB58: =J58 -> 0 | ... AL58: =T58 -> 0 | AP58: =IF(V58>0,LARGE(U58:AL58,1),0) -> 0 | AQ58: =IFERROR(__xludf.DUMMYFUNCTION("IF(V58>0,MIN(FILTER(U58:AL58, U58:AL58<>0)),0)"),0.0) -> 0 | AS58: =AP58-AQ58 -> 0 | AU58: =COUNTIF(C58:T58, ">0") -> 0 | AW58: =IF(X58>0,LARGE(U58:AL58,2),0) -> 0 | AX58: =IFERROR(__xludf.DUMMYFUNCTION("IF(X58>0,SMALL(FILTER(U58:AL58, U58:AL58<>0), 2),0)"),0.0) -> 0 | AY58: =IF(V58=0,0,AW58-AX58) -> 0 | AZ58: =IF(Y58>0,LARGE(U58:AL58,3),0) -> 0 | BA58: =IFERROR(__xludf.DUMMYFUNCTION("IF(Y58>0,SMALL(FILTER(U58:AL58, U58:AL58<>0), 3),0)"),0.0) -> 0 | BB58: =AZ58-BA58 -> 0
A59: =Spieler!A60 -> 55 | B59: =VLOOKUP(A59,Spieler!A:F,2,0) | C59: =IF(B59=0,0,VLOOKUP(B59,Datensammler!B:U,3,0)) -> 0 | D59: =IF(B59=0,0,VLOOKUP(B59,Datensammler!B:U,4,0)) -> 0 | E59: =IF(B59=0,0,VLOOKUP(B59,Datensammler!B:U,5,0)) -> 0 | F59: =IF(B59=0,0,VLOOKUP(B59,Datensammler!B:U,6,0)) -> 0 | G59: =IF(B59=0,0,VLOOKUP(B59,Datensammler!B:U,7,0)) -> 0 | H59: =IF(B59=0,0,VLOOKUP(B59,Datensammler!B:U,8,0)) -> 0 | I59: =IF(B59=0,0,VLOOKUP(B59,Datensammler!B:U,9,0)) -> 0 | J59: =IF(B59=0,0,VLOOKUP(B59,Datensammler!B:U,10,0)) -> 0 | K59: =IF(B59=0,0,VLOOKUP(B59,Datensammler!B:U,11,0)) -> 0 | L59: =IF(B59=0,0,VLOOKUP(B59,Datensammler!B:U,12,0)) -> 0 | M59: =IF(B59=0,0,VLOOKUP(B59,Datensammler!B:U,13,0)) -> 0 | N59: =IF(B59=0,0,VLOOKUP(B59,Datensammler!B:U,14,0)) -> 0 | O59: =IF(B59=0,0,VLOOKUP(B59,Datensammler!B:U,15,0)) -> 0 | P59: =IF(B59=0,0,VLOOKUP(B59,Datensammler!B:U,16,0)) -> 0 | Q59: =IF(B59=0,0,VLOOKUP(B59,Datensammler!B:U,17,0)) -> 0 | R59: =IF(B59=0,0,VLOOKUP(B59,Datensammler!B:U,18,0)) -> 0 | S59: =IF(B59=0,0,VLOOKUP(B59,Datensammler!B:U,19,0)) -> 0 | T59: =IF(B59=0,0,VLOOKUP(B59,Datensammler!B:U,20,0)) -> 0 | U59: =C59 -> 0 | V59: =D59 -> 0 | W59: =E59 -> 0 | X59: =F59 -> 0 | Y59: =G59 -> 0 | Z59: =H59 -> 0 | AA59: =I59 -> 0 | AB59: =J59 -> 0 | ... AL59: =T59 -> 0 | AP59: =IF(V59>0,LARGE(U59:AL59,1),0) -> 0 | AQ59: =IFERROR(__xludf.DUMMYFUNCTION("IF(V59>0,MIN(FILTER(U59:AL59, U59:AL59<>0)),0)"),0.0) -> 0 | AS59: =AP59-AQ59 -> 0 | AU59: =COUNTIF(C59:T59, ">0") -> 0 | AW59: =IF(X59>0,LARGE(U59:AL59,2),0) -> 0 | AX59: =IFERROR(__xludf.DUMMYFUNCTION("IF(X59>0,SMALL(FILTER(U59:AL59, U59:AL59<>0), 2),0)"),0.0) -> 0 | AY59: =IF(V59=0,0,AW59-AX59) -> 0 | AZ59: =IF(Y59>0,LARGE(U59:AL59,3),0) -> 0 | BA59: =IFERROR(__xludf.DUMMYFUNCTION("IF(Y59>0,SMALL(FILTER(U59:AL59, U59:AL59<>0), 3),0)"),0.0) -> 0 | BB59: =AZ59-BA59 -> 0
A60: =Spieler!A61 -> 56 | B60: =VLOOKUP(A60,Spieler!A:F,2,0) | C60: =IF(B60=0,0,VLOOKUP(B60,Datensammler!B:U,3,0)) -> 0 | D60: =IF(B60=0,0,VLOOKUP(B60,Datensammler!B:U,4,0)) -> 0 | E60: =IF(B60=0,0,VLOOKUP(B60,Datensammler!B:U,5,0)) -> 0 | F60: =IF(B60=0,0,VLOOKUP(B60,Datensammler!B:U,6,0)) -> 0 | G60: =IF(B60=0,0,VLOOKUP(B60,Datensammler!B:U,7,0)) -> 0 | H60: =IF(B60=0,0,VLOOKUP(B60,Datensammler!B:U,8,0)) -> 0 | I60: =IF(B60=0,0,VLOOKUP(B60,Datensammler!B:U,9,0)) -> 0 | J60: =IF(B60=0,0,VLOOKUP(B60,Datensammler!B:U,10,0)) -> 0 | K60: =IF(B60=0,0,VLOOKUP(B60,Datensammler!B:U,11,0)) -> 0 | L60: =IF(B60=0,0,VLOOKUP(B60,Datensammler!B:U,12,0)) -> 0 | M60: =IF(B60=0,0,VLOOKUP(B60,Datensammler!B:U,13,0)) -> 0 | N60: =IF(B60=0,0,VLOOKUP(B60,Datensammler!B:U,14,0)) -> 0 | O60: =IF(B60=0,0,VLOOKUP(B60,Datensammler!B:U,15,0)) -> 0 | P60: =IF(B60=0,0,VLOOKUP(B60,Datensammler!B:U,16,0)) -> 0 | Q60: =IF(B60=0,0,VLOOKUP(B60,Datensammler!B:U,17,0)) -> 0 | R60: =IF(B60=0,0,VLOOKUP(B60,Datensammler!B:U,18,0)) -> 0 | S60: =IF(B60=0,0,VLOOKUP(B60,Datensammler!B:U,19,0)) -> 0 | T60: =IF(B60=0,0,VLOOKUP(B60,Datensammler!B:U,20,0)) -> 0 | U60: =C60 -> 0 | V60: =D60 -> 0 | W60: =E60 -> 0 | X60: =F60 -> 0 | Y60: =G60 -> 0 | Z60: =H60 -> 0 | AA60: =I60 -> 0 | AB60: =J60 -> 0 | ... AL60: =T60 -> 0 | AP60: =IF(V60>0,LARGE(U60:AL60,1),0) -> 0 | AQ60: =IFERROR(__xludf.DUMMYFUNCTION("IF(V60>0,MIN(FILTER(U60:AL60, U60:AL60<>0)),0)"),0.0) -> 0 | AS60: =AP60-AQ60 -> 0 | AU60: =COUNTIF(C60:T60, ">0") -> 0 | AW60: =IF(X60>0,LARGE(U60:AL60,2),0) -> 0 | AX60: =IFERROR(__xludf.DUMMYFUNCTION("IF(X60>0,SMALL(FILTER(U60:AL60, U60:AL60<>0), 2),0)"),0.0) -> 0 | AY60: =IF(V60=0,0,AW60-AX60) -> 0 | AZ60: =IF(Y60>0,LARGE(U60:AL60,3),0) -> 0 | BA60: =IFERROR(__xludf.DUMMYFUNCTION("IF(Y60>0,SMALL(FILTER(U60:AL60, U60:AL60<>0), 3),0)"),0.0) -> 0 | BB60: =AZ60-BA60 -> 0
A61: =Spieler!A62 -> 57 | B61: =VLOOKUP(A61,Spieler!A:F,2,0) | C61: =IF(B61=0,0,VLOOKUP(B61,Datensammler!B:U,3,0)) -> 0 | D61: =IF(B61=0,0,VLOOKUP(B61,Datensammler!B:U,4,0)) -> 0 | E61: =IF(B61=0,0,VLOOKUP(B61,Datensammler!B:U,5,0)) -> 0 | F61: =IF(B61=0,0,VLOOKUP(B61,Datensammler!B:U,6,0)) -> 0 | G61: =IF(B61=0,0,VLOOKUP(B61,Datensammler!B:U,7,0)) -> 0 | H61: =IF(B61=0,0,VLOOKUP(B61,Datensammler!B:U,8,0)) -> 0 | I61: =IF(B61=0,0,VLOOKUP(B61,Datensammler!B:U,9,0)) -> 0 | J61: =IF(B61=0,0,VLOOKUP(B61,Datensammler!B:U,10,0)) -> 0 | K61: =IF(B61=0,0,VLOOKUP(B61,Datensammler!B:U,11,0)) -> 0 | L61: =IF(B61=0,0,VLOOKUP(B61,Datensammler!B:U,12,0)) -> 0 | M61: =IF(B61=0,0,VLOOKUP(B61,Datensammler!B:U,13,0)) -> 0 | N61: =IF(B61=0,0,VLOOKUP(B61,Datensammler!B:U,14,0)) -> 0 | O61: =IF(B61=0,0,VLOOKUP(B61,Datensammler!B:U,15,0)) -> 0 | P61: =IF(B61=0,0,VLOOKUP(B61,Datensammler!B:U,16,0)) -> 0 | Q61: =IF(B61=0,0,VLOOKUP(B61,Datensammler!B:U,17,0)) -> 0 | R61: =IF(B61=0,0,VLOOKUP(B61,Datensammler!B:U,18,0)) -> 0 | S61: =IF(B61=0,0,VLOOKUP(B61,Datensammler!B:U,19,0)) -> 0 | T61: =IF(B61=0,0,VLOOKUP(B61,Datensammler!B:U,20,0)) -> 0 | U61: =C61 -> 0 | V61: =D61 -> 0 | W61: =E61 -> 0 | X61: =F61 -> 0 | Y61: =G61 -> 0 | Z61: =H61 -> 0 | AA61: =I61 -> 0 | AB61: =J61 -> 0 | ... AL61: =T61 -> 0 | AP61: =IF(V61>0,LARGE(U61:AL61,1),0) -> 0 | AQ61: =IFERROR(__xludf.DUMMYFUNCTION("IF(V61>0,MIN(FILTER(U61:AL61, U61:AL61<>0)),0)"),0.0) -> 0 | AS61: =AP61-AQ61 -> 0 | AU61: =COUNTIF(C61:T61, ">0") -> 0 | AW61: =IF(X61>0,LARGE(U61:AL61,2),0) -> 0 | AX61: =IFERROR(__xludf.DUMMYFUNCTION("IF(X61>0,SMALL(FILTER(U61:AL61, U61:AL61<>0), 2),0)"),0.0) -> 0 | AY61: =IF(V61=0,0,AW61-AX61) -> 0 | AZ61: =IF(Y61>0,LARGE(U61:AL61,3),0) -> 0 | BA61: =IFERROR(__xludf.DUMMYFUNCTION("IF(Y61>0,SMALL(FILTER(U61:AL61, U61:AL61<>0), 3),0)"),0.0) -> 0 | BB61: =AZ61-BA61 -> 0
A62: =Spieler!A63 -> 58 | B62: =VLOOKUP(A62,Spieler!A:F,2,0) | C62: =IF(B62=0,0,VLOOKUP(B62,Datensammler!B:U,3,0)) -> 0 | D62: =IF(B62=0,0,VLOOKUP(B62,Datensammler!B:U,4,0)) -> 0 | E62: =IF(B62=0,0,VLOOKUP(B62,Datensammler!B:U,5,0)) -> 0 | F62: =IF(B62=0,0,VLOOKUP(B62,Datensammler!B:U,6,0)) -> 0 | G62: =IF(B62=0,0,VLOOKUP(B62,Datensammler!B:U,7,0)) -> 0 | H62: =IF(B62=0,0,VLOOKUP(B62,Datensammler!B:U,8,0)) -> 0 | I62: =IF(B62=0,0,VLOOKUP(B62,Datensammler!B:U,9,0)) -> 0 | J62: =IF(B62=0,0,VLOOKUP(B62,Datensammler!B:U,10,0)) -> 0 | K62: =IF(B62=0,0,VLOOKUP(B62,Datensammler!B:U,11,0)) -> 0 | L62: =IF(B62=0,0,VLOOKUP(B62,Datensammler!B:U,12,0)) -> 0 | M62: =IF(B62=0,0,VLOOKUP(B62,Datensammler!B:U,13,0)) -> 0 | N62: =IF(B62=0,0,VLOOKUP(B62,Datensammler!B:U,14,0)) -> 0 | O62: =IF(B62=0,0,VLOOKUP(B62,Datensammler!B:U,15,0)) -> 0 | P62: =IF(B62=0,0,VLOOKUP(B62,Datensammler!B:U,16,0)) -> 0 | Q62: =IF(B62=0,0,VLOOKUP(B62,Datensammler!B:U,17,0)) -> 0 | R62: =IF(B62=0,0,VLOOKUP(B62,Datensammler!B:U,18,0)) -> 0 | S62: =IF(B62=0,0,VLOOKUP(B62,Datensammler!B:U,19,0)) -> 0 | T62: =IF(B62=0,0,VLOOKUP(B62,Datensammler!B:U,20,0)) -> 0 | U62: =C62 -> 0 | V62: =D62 -> 0 | W62: =E62 -> 0 | X62: =F62 -> 0 | Y62: =G62 -> 0 | Z62: =H62 -> 0 | AA62: =I62 -> 0 | AB62: =J62 -> 0 | ... AL62: =T62 -> 0 | AP62: =IF(V62>0,LARGE(U62:AL62,1),0) -> 0 | AQ62: =IFERROR(__xludf.DUMMYFUNCTION("IF(V62>0,MIN(FILTER(U62:AL62, U62:AL62<>0)),0)"),0.0) -> 0 | AS62: =AP62-AQ62 -> 0 | AU62: =COUNTIF(C62:T62, ">0") -> 0 | AW62: =IF(X62>0,LARGE(U62:AL62,2),0) -> 0 | AX62: =IFERROR(__xludf.DUMMYFUNCTION("IF(X62>0,SMALL(FILTER(U62:AL62, U62:AL62<>0), 2),0)"),0.0) -> 0 | AY62: =IF(V62=0,0,AW62-AX62) -> 0 | AZ62: =IF(Y62>0,LARGE(U62:AL62,3),0) -> 0 | BA62: =IFERROR(__xludf.DUMMYFUNCTION("IF(Y62>0,SMALL(FILTER(U62:AL62, U62:AL62<>0), 3),0)"),0.0) -> 0 | BB62: =AZ62-BA62 -> 0
A63: =Spieler!A64 -> 59 | B63: =VLOOKUP(A63,Spieler!A:F,2,0) | C63: =IF(B63=0,0,VLOOKUP(B63,Datensammler!B:U,3,0)) -> 0 | D63: =IF(B63=0,0,VLOOKUP(B63,Datensammler!B:U,4,0)) -> 0 | E63: =IF(B63=0,0,VLOOKUP(B63,Datensammler!B:U,5,0)) -> 0 | F63: =IF(B63=0,0,VLOOKUP(B63,Datensammler!B:U,6,0)) -> 0 | G63: =IF(B63=0,0,VLOOKUP(B63,Datensammler!B:U,7,0)) -> 0 | H63: =IF(B63=0,0,VLOOKUP(B63,Datensammler!B:U,8,0)) -> 0 | I63: =IF(B63=0,0,VLOOKUP(B63,Datensammler!B:U,9,0)) -> 0 | J63: =IF(B63=0,0,VLOOKUP(B63,Datensammler!B:U,10,0)) -> 0 | K63: =IF(B63=0,0,VLOOKUP(B63,Datensammler!B:U,11,0)) -> 0 | L63: =IF(B63=0,0,VLOOKUP(B63,Datensammler!B:U,12,0)) -> 0 | M63: =IF(B63=0,0,VLOOKUP(B63,Datensammler!B:U,13,0)) -> 0 | N63: =IF(B63=0,0,VLOOKUP(B63,Datensammler!B:U,14,0)) -> 0 | O63: =IF(B63=0,0,VLOOKUP(B63,Datensammler!B:U,15,0)) -> 0 | P63: =IF(B63=0,0,VLOOKUP(B63,Datensammler!B:U,16,0)) -> 0 | Q63: =IF(B63=0,0,VLOOKUP(B63,Datensammler!B:U,17,0)) -> 0 | R63: =IF(B63=0,0,VLOOKUP(B63,Datensammler!B:U,18,0)) -> 0 | S63: =IF(B63=0,0,VLOOKUP(B63,Datensammler!B:U,19,0)) -> 0 | T63: =IF(B63=0,0,VLOOKUP(B63,Datensammler!B:U,20,0)) -> 0 | U63: =C63 -> 0 | V63: =D63 -> 0 | W63: =E63 -> 0 | X63: =F63 -> 0 | Y63: =G63 -> 0 | Z63: =H63 -> 0 | AA63: =I63 -> 0 | AB63: =J63 -> 0 | ... AL63: =T63 -> 0 | AP63: =IF(V63>0,LARGE(U63:AL63,1),0) -> 0 | AQ63: =IFERROR(__xludf.DUMMYFUNCTION("IF(V63>0,MIN(FILTER(U63:AL63, U63:AL63<>0)),0)"),0.0) -> 0 | AS63: =AP63-AQ63 -> 0 | AU63: =COUNTIF(C63:T63, ">0") -> 0 | AW63: =IF(X63>0,LARGE(U63:AL63,2),0) -> 0 | AX63: =IFERROR(__xludf.DUMMYFUNCTION("IF(X63>0,SMALL(FILTER(U63:AL63, U63:AL63<>0), 2),0)"),0.0) -> 0 | AY63: =IF(V63=0,0,AW63-AX63) -> 0 | AZ63: =IF(Y63>0,LARGE(U63:AL63,3),0) -> 0 | BA63: =IFERROR(__xludf.DUMMYFUNCTION("IF(Y63>0,SMALL(FILTER(U63:AL63, U63:AL63<>0), 3),0)"),0.0) -> 0 | BB63: =AZ63-BA63 -> 0
A64: =Spieler!A65 -> 60 | B64: =VLOOKUP(A64,Spieler!A:F,2,0) | C64: =IF(B64=0,0,VLOOKUP(B64,Datensammler!B:U,3,0)) -> 0 | D64: =IF(B64=0,0,VLOOKUP(B64,Datensammler!B:U,4,0)) -> 0 | E64: =IF(B64=0,0,VLOOKUP(B64,Datensammler!B:U,5,0)) -> 0 | F64: =IF(B64=0,0,VLOOKUP(B64,Datensammler!B:U,6,0)) -> 0 | G64: =IF(B64=0,0,VLOOKUP(B64,Datensammler!B:U,7,0)) -> 0 | H64: =IF(B64=0,0,VLOOKUP(B64,Datensammler!B:U,8,0)) -> 0 | I64: =IF(B64=0,0,VLOOKUP(B64,Datensammler!B:U,9,0)) -> 0 | J64: =IF(B64=0,0,VLOOKUP(B64,Datensammler!B:U,10,0)) -> 0 | K64: =IF(B64=0,0,VLOOKUP(B64,Datensammler!B:U,11,0)) -> 0 | L64: =IF(B64=0,0,VLOOKUP(B64,Datensammler!B:U,12,0)) -> 0 | M64: =IF(B64=0,0,VLOOKUP(B64,Datensammler!B:U,13,0)) -> 0 | N64: =IF(B64=0,0,VLOOKUP(B64,Datensammler!B:U,14,0)) -> 0 | O64: =IF(B64=0,0,VLOOKUP(B64,Datensammler!B:U,15,0)) -> 0 | P64: =IF(B64=0,0,VLOOKUP(B64,Datensammler!B:U,16,0)) -> 0 | Q64: =IF(B64=0,0,VLOOKUP(B64,Datensammler!B:U,17,0)) -> 0 | R64: =IF(B64=0,0,VLOOKUP(B64,Datensammler!B:U,18,0)) -> 0 | S64: =IF(B64=0,0,VLOOKUP(B64,Datensammler!B:U,19,0)) -> 0 | T64: =IF(B64=0,0,VLOOKUP(B64,Datensammler!B:U,20,0)) -> 0 | U64: =C64 -> 0 | V64: =D64 -> 0 | W64: =E64 -> 0 | X64: =F64 -> 0 | Y64: =G64 -> 0 | Z64: =H64 -> 0 | AA64: =I64 -> 0 | AB64: =J64 -> 0 | ... AL64: =T64 -> 0 | AP64: =IF(V64>0,LARGE(U64:AL64,1),0) -> 0 | AQ64: =IFERROR(__xludf.DUMMYFUNCTION("IF(V64>0,MIN(FILTER(U64:AL64, U64:AL64<>0)),0)"),0.0) -> 0 | AS64: =AP64-AQ64 -> 0 | AU64: =COUNTIF(C64:T64, ">0") -> 0 | AW64: =IF(X64>0,LARGE(U64:AL64,2),0) -> 0 | AX64: =IFERROR(__xludf.DUMMYFUNCTION("IF(X64>0,SMALL(FILTER(U64:AL64, U64:AL64<>0), 2),0)"),0.0) -> 0 | AY64: =IF(V64=0,0,AW64-AX64) -> 0 | AZ64: =IF(Y64>0,LARGE(U64:AL64,3),0) -> 0 | BA64: =IFERROR(__xludf.DUMMYFUNCTION("IF(Y64>0,SMALL(FILTER(U64:AL64, U64:AL64<>0), 3),0)"),0.0) -> 0 | BB64: =AZ64-BA64 -> 0
A65: =Spieler!A66 -> 61 | B65: =VLOOKUP(A65,Spieler!A:F,2,0) | C65: =IF(B65=0,0,VLOOKUP(B65,Datensammler!B:U,3,0)) -> 0 | D65: =IF(B65=0,0,VLOOKUP(B65,Datensammler!B:U,4,0)) -> 0 | E65: =IF(B65=0,0,VLOOKUP(B65,Datensammler!B:U,5,0)) -> 0 | F65: =IF(B65=0,0,VLOOKUP(B65,Datensammler!B:U,6,0)) -> 0 | G65: =IF(B65=0,0,VLOOKUP(B65,Datensammler!B:U,7,0)) -> 0 | H65: =IF(B65=0,0,VLOOKUP(B65,Datensammler!B:U,8,0)) -> 0 | I65: =IF(B65=0,0,VLOOKUP(B65,Datensammler!B:U,9,0)) -> 0 | J65: =IF(B65=0,0,VLOOKUP(B65,Datensammler!B:U,10,0)) -> 0 | K65: =IF(B65=0,0,VLOOKUP(B65,Datensammler!B:U,11,0)) -> 0 | L65: =IF(B65=0,0,VLOOKUP(B65,Datensammler!B:U,12,0)) -> 0 | M65: =IF(B65=0,0,VLOOKUP(B65,Datensammler!B:U,13,0)) -> 0 | N65: =IF(B65=0,0,VLOOKUP(B65,Datensammler!B:U,14,0)) -> 0 | O65: =IF(B65=0,0,VLOOKUP(B65,Datensammler!B:U,15,0)) -> 0 | P65: =IF(B65=0,0,VLOOKUP(B65,Datensammler!B:U,16,0)) -> 0 | Q65: =IF(B65=0,0,VLOOKUP(B65,Datensammler!B:U,17,0)) -> 0 | R65: =IF(B65=0,0,VLOOKUP(B65,Datensammler!B:U,18,0)) -> 0 | S65: =IF(B65=0,0,VLOOKUP(B65,Datensammler!B:U,19,0)) -> 0 | T65: =IF(B65=0,0,VLOOKUP(B65,Datensammler!B:U,20,0)) -> 0 | U65: =C65 -> 0 | V65: =D65 -> 0 | W65: =E65 -> 0 | X65: =F65 -> 0 | Y65: =G65 -> 0 | Z65: =H65 -> 0 | AA65: =I65 -> 0 | AB65: =J65 -> 0 | ... AL65: =T65 -> 0 | AP65: =IF(V65>0,LARGE(U65:AL65,1),0) -> 0 | AQ65: =IFERROR(__xludf.DUMMYFUNCTION("IF(V65>0,MIN(FILTER(U65:AL65, U65:AL65<>0)),0)"),0.0) -> 0 | AS65: =AP65-AQ65 -> 0 | AU65: =COUNTIF(C65:T65, ">0") -> 0 | AW65: =IF(X65>0,LARGE(U65:AL65,2),0) -> 0 | AX65: =IFERROR(__xludf.DUMMYFUNCTION("IF(X65>0,SMALL(FILTER(U65:AL65, U65:AL65<>0), 2),0)"),0.0) -> 0 | AY65: =IF(V65=0,0,AW65-AX65) -> 0 | AZ65: =IF(Y65>0,LARGE(U65:AL65,3),0) -> 0 | BA65: =IFERROR(__xludf.DUMMYFUNCTION("IF(Y65>0,SMALL(FILTER(U65:AL65, U65:AL65<>0), 3),0)"),0.0) -> 0 | BB65: =AZ65-BA65 -> 0
A66: =Spieler!A67 -> 62 | B66: =VLOOKUP(A66,Spieler!A:F,2,0) | C66: =IF(B66=0,0,VLOOKUP(B66,Datensammler!B:U,3,0)) -> 0 | D66: =IF(B66=0,0,VLOOKUP(B66,Datensammler!B:U,4,0)) -> 0 | E66: =IF(B66=0,0,VLOOKUP(B66,Datensammler!B:U,5,0)) -> 0 | F66: =IF(B66=0,0,VLOOKUP(B66,Datensammler!B:U,6,0)) -> 0 | G66: =IF(B66=0,0,VLOOKUP(B66,Datensammler!B:U,7,0)) -> 0 | H66: =IF(B66=0,0,VLOOKUP(B66,Datensammler!B:U,8,0)) -> 0 | I66: =IF(B66=0,0,VLOOKUP(B66,Datensammler!B:U,9,0)) -> 0 | J66: =IF(B66=0,0,VLOOKUP(B66,Datensammler!B:U,10,0)) -> 0 | K66: =IF(B66=0,0,VLOOKUP(B66,Datensammler!B:U,11,0)) -> 0 | L66: =IF(B66=0,0,VLOOKUP(B66,Datensammler!B:U,12,0)) -> 0 | M66: =IF(B66=0,0,VLOOKUP(B66,Datensammler!B:U,13,0)) -> 0 | N66: =IF(B66=0,0,VLOOKUP(B66,Datensammler!B:U,14,0)) -> 0 | O66: =IF(B66=0,0,VLOOKUP(B66,Datensammler!B:U,15,0)) -> 0 | P66: =IF(B66=0,0,VLOOKUP(B66,Datensammler!B:U,16,0)) -> 0 | Q66: =IF(B66=0,0,VLOOKUP(B66,Datensammler!B:U,17,0)) -> 0 | R66: =IF(B66=0,0,VLOOKUP(B66,Datensammler!B:U,18,0)) -> 0 | S66: =IF(B66=0,0,VLOOKUP(B66,Datensammler!B:U,19,0)) -> 0 | T66: =IF(B66=0,0,VLOOKUP(B66,Datensammler!B:U,20,0)) -> 0 | U66: =C66 -> 0 | V66: =D66 -> 0 | W66: =E66 -> 0 | X66: =F66 -> 0 | Y66: =G66 -> 0 | Z66: =H66 -> 0 | AA66: =I66 -> 0 | AB66: =J66 -> 0 | ... AL66: =T66 -> 0 | AP66: =IF(V66>0,LARGE(U66:AL66,1),0) -> 0 | AQ66: =IFERROR(__xludf.DUMMYFUNCTION("IF(V66>0,MIN(FILTER(U66:AL66, U66:AL66<>0)),0)"),0.0) -> 0 | AS66: =AP66-AQ66 -> 0 | AU66: =COUNTIF(C66:T66, ">0") -> 0 | AW66: =IF(X66>0,LARGE(U66:AL66,2),0) -> 0 | AX66: =IFERROR(__xludf.DUMMYFUNCTION("IF(X66>0,SMALL(FILTER(U66:AL66, U66:AL66<>0), 2),0)"),0.0) -> 0 | AY66: =IF(V66=0,0,AW66-AX66) -> 0 | AZ66: =IF(Y66>0,LARGE(U66:AL66,3),0) -> 0 | BA66: =IFERROR(__xludf.DUMMYFUNCTION("IF(Y66>0,SMALL(FILTER(U66:AL66, U66:AL66<>0), 3),0)"),0.0) -> 0 | BB66: =AZ66-BA66 -> 0
A67: =Spieler!A68 -> 63 | B67: =VLOOKUP(A67,Spieler!A:F,2,0) | C67: =IF(B67=0,0,VLOOKUP(B67,Datensammler!B:U,3,0)) -> 0 | D67: =IF(B67=0,0,VLOOKUP(B67,Datensammler!B:U,4,0)) -> 0 | E67: =IF(B67=0,0,VLOOKUP(B67,Datensammler!B:U,5,0)) -> 0 | F67: =IF(B67=0,0,VLOOKUP(B67,Datensammler!B:U,6,0)) -> 0 | G67: =IF(B67=0,0,VLOOKUP(B67,Datensammler!B:U,7,0)) -> 0 | H67: =IF(B67=0,0,VLOOKUP(B67,Datensammler!B:U,8,0)) -> 0 | I67: =IF(B67=0,0,VLOOKUP(B67,Datensammler!B:U,9,0)) -> 0 | J67: =IF(B67=0,0,VLOOKUP(B67,Datensammler!B:U,10,0)) -> 0 | K67: =IF(B67=0,0,VLOOKUP(B67,Datensammler!B:U,11,0)) -> 0 | L67: =IF(B67=0,0,VLOOKUP(B67,Datensammler!B:U,12,0)) -> 0 | M67: =IF(B67=0,0,VLOOKUP(B67,Datensammler!B:U,13,0)) -> 0 | N67: =IF(B67=0,0,VLOOKUP(B67,Datensammler!B:U,14,0)) -> 0 | O67: =IF(B67=0,0,VLOOKUP(B67,Datensammler!B:U,15,0)) -> 0 | P67: =IF(B67=0,0,VLOOKUP(B67,Datensammler!B:U,16,0)) -> 0 | Q67: =IF(B67=0,0,VLOOKUP(B67,Datensammler!B:U,17,0)) -> 0 | R67: =IF(B67=0,0,VLOOKUP(B67,Datensammler!B:U,18,0)) -> 0 | S67: =IF(B67=0,0,VLOOKUP(B67,Datensammler!B:U,19,0)) -> 0 | T67: =IF(B67=0,0,VLOOKUP(B67,Datensammler!B:U,20,0)) -> 0 | U67: =C67 -> 0 | V67: =D67 -> 0 | W67: =E67 -> 0 | X67: =F67 -> 0 | Y67: =G67 -> 0 | Z67: =H67 -> 0 | AA67: =I67 -> 0 | AB67: =J67 -> 0 | ... AL67: =T67 -> 0 | AP67: =IF(V67>0,LARGE(U67:AL67,1),0) -> 0 | AQ67: =IFERROR(__xludf.DUMMYFUNCTION("IF(V67>0,MIN(FILTER(U67:AL67, U67:AL67<>0)),0)"),0.0) -> 0 | AS67: =AP67-AQ67 -> 0 | AU67: =COUNTIF(C67:T67, ">0") -> 0 | AW67: =IF(X67>0,LARGE(U67:AL67,2),0) -> 0 | AX67: =IFERROR(__xludf.DUMMYFUNCTION("IF(X67>0,SMALL(FILTER(U67:AL67, U67:AL67<>0), 2),0)"),0.0) -> 0 | AY67: =IF(V67=0,0,AW67-AX67) -> 0 | AZ67: =IF(Y67>0,LARGE(U67:AL67,3),0) -> 0 | BA67: =IFERROR(__xludf.DUMMYFUNCTION("IF(Y67>0,SMALL(FILTER(U67:AL67, U67:AL67<>0), 3),0)"),0.0) -> 0 | BB67: =AZ67-BA67 -> 0
A68: =Spieler!A69 -> 64 | B68: =VLOOKUP(A68,Spieler!A:F,2,0) | C68: =IF(B68=0,0,VLOOKUP(B68,Datensammler!B:U,3,0)) -> 0 | D68: =IF(B68=0,0,VLOOKUP(B68,Datensammler!B:U,4,0)) -> 0 | E68: =IF(B68=0,0,VLOOKUP(B68,Datensammler!B:U,5,0)) -> 0 | F68: =IF(B68=0,0,VLOOKUP(B68,Datensammler!B:U,6,0)) -> 0 | G68: =IF(B68=0,0,VLOOKUP(B68,Datensammler!B:U,7,0)) -> 0 | H68: =IF(B68=0,0,VLOOKUP(B68,Datensammler!B:U,8,0)) -> 0 | I68: =IF(B68=0,0,VLOOKUP(B68,Datensammler!B:U,9,0)) -> 0 | J68: =IF(B68=0,0,VLOOKUP(B68,Datensammler!B:U,10,0)) -> 0 | K68: =IF(B68=0,0,VLOOKUP(B68,Datensammler!B:U,11,0)) -> 0 | L68: =IF(B68=0,0,VLOOKUP(B68,Datensammler!B:U,12,0)) -> 0 | M68: =IF(B68=0,0,VLOOKUP(B68,Datensammler!B:U,13,0)) -> 0 | N68: =IF(B68=0,0,VLOOKUP(B68,Datensammler!B:U,14,0)) -> 0 | O68: =IF(B68=0,0,VLOOKUP(B68,Datensammler!B:U,15,0)) -> 0 | P68: =IF(B68=0,0,VLOOKUP(B68,Datensammler!B:U,16,0)) -> 0 | Q68: =IF(B68=0,0,VLOOKUP(B68,Datensammler!B:U,17,0)) -> 0 | R68: =IF(B68=0,0,VLOOKUP(B68,Datensammler!B:U,18,0)) -> 0 | S68: =IF(B68=0,0,VLOOKUP(B68,Datensammler!B:U,19,0)) -> 0 | T68: =IF(B68=0,0,VLOOKUP(B68,Datensammler!B:U,20,0)) -> 0 | U68: =C68 -> 0 | V68: =D68 -> 0 | W68: =E68 -> 0 | X68: =F68 -> 0 | Y68: =G68 -> 0 | Z68: =H68 -> 0 | AA68: =I68 -> 0 | AB68: =J68 -> 0 | ... AL68: =T68 -> 0 | AP68: =IF(V68>0,LARGE(U68:AL68,1),0) -> 0 | AQ68: =IFERROR(__xludf.DUMMYFUNCTION("IF(V68>0,MIN(FILTER(U68:AL68, U68:AL68<>0)),0)"),0.0) -> 0 | AS68: =AP68-AQ68 -> 0 | AU68: =COUNTIF(C68:T68, ">0") -> 0 | AW68: =IF(X68>0,LARGE(U68:AL68,2),0) -> 0 | AX68: =IFERROR(__xludf.DUMMYFUNCTION("IF(X68>0,SMALL(FILTER(U68:AL68, U68:AL68<>0), 2),0)"),0.0) -> 0 | AY68: =IF(V68=0,0,AW68-AX68) -> 0 | AZ68: =IF(Y68>0,LARGE(U68:AL68,3),0) -> 0 | BA68: =IFERROR(__xludf.DUMMYFUNCTION("IF(Y68>0,SMALL(FILTER(U68:AL68, U68:AL68<>0), 3),0)"),0.0) -> 0 | BB68: =AZ68-BA68 -> 0
A69: =Spieler!A70 -> 65 | B69: =VLOOKUP(A69,Spieler!A:F,2,0) | C69: =IF(B69=0,0,VLOOKUP(B69,Datensammler!B:U,3,0)) -> 0 | D69: =IF(B69=0,0,VLOOKUP(B69,Datensammler!B:U,4,0)) -> 0 | E69: =IF(B69=0,0,VLOOKUP(B69,Datensammler!B:U,5,0)) -> 0 | F69: =IF(B69=0,0,VLOOKUP(B69,Datensammler!B:U,6,0)) -> 0 | G69: =IF(B69=0,0,VLOOKUP(B69,Datensammler!B:U,7,0)) -> 0 | H69: =IF(B69=0,0,VLOOKUP(B69,Datensammler!B:U,8,0)) -> 0 | I69: =IF(B69=0,0,VLOOKUP(B69,Datensammler!B:U,9,0)) -> 0 | J69: =IF(B69=0,0,VLOOKUP(B69,Datensammler!B:U,10,0)) -> 0 | K69: =IF(B69=0,0,VLOOKUP(B69,Datensammler!B:U,11,0)) -> 0 | L69: =IF(B69=0,0,VLOOKUP(B69,Datensammler!B:U,12,0)) -> 0 | M69: =IF(B69=0,0,VLOOKUP(B69,Datensammler!B:U,13,0)) -> 0 | N69: =IF(B69=0,0,VLOOKUP(B69,Datensammler!B:U,14,0)) -> 0 | O69: =IF(B69=0,0,VLOOKUP(B69,Datensammler!B:U,15,0)) -> 0 | P69: =IF(B69=0,0,VLOOKUP(B69,Datensammler!B:U,16,0)) -> 0 | Q69: =IF(B69=0,0,VLOOKUP(B69,Datensammler!B:U,17,0)) -> 0 | R69: =IF(B69=0,0,VLOOKUP(B69,Datensammler!B:U,18,0)) -> 0 | S69: =IF(B69=0,0,VLOOKUP(B69,Datensammler!B:U,19,0)) -> 0 | T69: =IF(B69=0,0,VLOOKUP(B69,Datensammler!B:U,20,0)) -> 0 | U69: =C69 -> 0 | V69: =D69 -> 0 | W69: =E69 -> 0 | X69: =F69 -> 0 | Y69: =G69 -> 0 | Z69: =H69 -> 0 | AA69: =I69 -> 0 | AB69: =J69 -> 0 | ... AL69: =T69 -> 0 | AP69: =IF(V69>0,LARGE(U69:AL69,1),0) -> 0 | AQ69: =IFERROR(__xludf.DUMMYFUNCTION("IF(V69>0,MIN(FILTER(U69:AL69, U69:AL69<>0)),0)"),0.0) -> 0 | AS69: =AP69-AQ69 -> 0 | AU69: =COUNTIF(C69:T69, ">0") -> 0 | AW69: =IF(X69>0,LARGE(U69:AL69,2),0) -> 0 | AX69: =IFERROR(__xludf.DUMMYFUNCTION("IF(X69>0,SMALL(FILTER(U69:AL69, U69:AL69<>0), 2),0)"),0.0) -> 0 | AY69: =IF(V69=0,0,AW69-AX69) -> 0 | AZ69: =IF(Y69>0,LARGE(U69:AL69,3),0) -> 0 | BA69: =IFERROR(__xludf.DUMMYFUNCTION("IF(Y69>0,SMALL(FILTER(U69:AL69, U69:AL69<>0), 3),0)"),0.0) -> 0 | BB69: =AZ69-BA69 -> 0
A70: =Spieler!A71 -> 66 | B70: =VLOOKUP(A70,Spieler!A:F,2,0) | C70: =IF(B70=0,0,VLOOKUP(B70,Datensammler!B:U,3,0)) -> 0 | D70: =IF(B70=0,0,VLOOKUP(B70,Datensammler!B:U,4,0)) -> 0 | E70: =IF(B70=0,0,VLOOKUP(B70,Datensammler!B:U,5,0)) -> 0 | F70: =IF(B70=0,0,VLOOKUP(B70,Datensammler!B:U,6,0)) -> 0 | G70: =IF(B70=0,0,VLOOKUP(B70,Datensammler!B:U,7,0)) -> 0 | H70: =IF(B70=0,0,VLOOKUP(B70,Datensammler!B:U,8,0)) -> 0 | I70: =IF(B70=0,0,VLOOKUP(B70,Datensammler!B:U,9,0)) -> 0 | J70: =IF(B70=0,0,VLOOKUP(B70,Datensammler!B:U,10,0)) -> 0 | K70: =IF(B70=0,0,VLOOKUP(B70,Datensammler!B:U,11,0)) -> 0 | L70: =IF(B70=0,0,VLOOKUP(B70,Datensammler!B:U,12,0)) -> 0 | M70: =IF(B70=0,0,VLOOKUP(B70,Datensammler!B:U,13,0)) -> 0 | N70: =IF(B70=0,0,VLOOKUP(B70,Datensammler!B:U,14,0)) -> 0 | O70: =IF(B70=0,0,VLOOKUP(B70,Datensammler!B:U,15,0)) -> 0 | P70: =IF(B70=0,0,VLOOKUP(B70,Datensammler!B:U,16,0)) -> 0 | Q70: =IF(B70=0,0,VLOOKUP(B70,Datensammler!B:U,17,0)) -> 0 | R70: =IF(B70=0,0,VLOOKUP(B70,Datensammler!B:U,18,0)) -> 0 | S70: =IF(B70=0,0,VLOOKUP(B70,Datensammler!B:U,19,0)) -> 0 | T70: =IF(B70=0,0,VLOOKUP(B70,Datensammler!B:U,20,0)) -> 0 | U70: =C70 -> 0 | V70: =D70 -> 0 | W70: =E70 -> 0 | X70: =F70 -> 0 | Y70: =G70 -> 0 | Z70: =H70 -> 0 | AA70: =I70 -> 0 | AB70: =J70 -> 0 | ... AL70: =T70 -> 0 | AP70: =IF(V70>0,LARGE(U70:AL70,1),0) -> 0 | AQ70: =IFERROR(__xludf.DUMMYFUNCTION("IF(V70>0,MIN(FILTER(U70:AL70, U70:AL70<>0)),0)"),0.0) -> 0 | AS70: =AP70-AQ70 -> 0 | AU70: =COUNTIF(C70:T70, ">0") -> 0 | AW70: =IF(X70>0,LARGE(U70:AL70,2),0) -> 0 | AX70: =IFERROR(__xludf.DUMMYFUNCTION("IF(X70>0,SMALL(FILTER(U70:AL70, U70:AL70<>0), 2),0)"),0.0) -> 0 | AY70: =IF(V70=0,0,AW70-AX70) -> 0 | AZ70: =IF(Y70>0,LARGE(U70:AL70,3),0) -> 0 | BA70: =IFERROR(__xludf.DUMMYFUNCTION("IF(Y70>0,SMALL(FILTER(U70:AL70, U70:AL70<>0), 3),0)"),0.0) -> 0 | BB70: =AZ70-BA70 -> 0
A71: =Spieler!A72 -> 67 | B71: =VLOOKUP(A71,Spieler!A:F,2,0) | C71: =IF(B71=0,0,VLOOKUP(B71,Datensammler!B:U,3,0)) -> 0 | D71: =IF(B71=0,0,VLOOKUP(B71,Datensammler!B:U,4,0)) -> 0 | E71: =IF(B71=0,0,VLOOKUP(B71,Datensammler!B:U,5,0)) -> 0 | F71: =IF(B71=0,0,VLOOKUP(B71,Datensammler!B:U,6,0)) -> 0 | G71: =IF(B71=0,0,VLOOKUP(B71,Datensammler!B:U,7,0)) -> 0 | H71: =IF(B71=0,0,VLOOKUP(B71,Datensammler!B:U,8,0)) -> 0 | I71: =IF(B71=0,0,VLOOKUP(B71,Datensammler!B:U,9,0)) -> 0 | J71: =IF(B71=0,0,VLOOKUP(B71,Datensammler!B:U,10,0)) -> 0 | K71: =IF(B71=0,0,VLOOKUP(B71,Datensammler!B:U,11,0)) -> 0 | L71: =IF(B71=0,0,VLOOKUP(B71,Datensammler!B:U,12,0)) -> 0 | M71: =IF(B71=0,0,VLOOKUP(B71,Datensammler!B:U,13,0)) -> 0 | N71: =IF(B71=0,0,VLOOKUP(B71,Datensammler!B:U,14,0)) -> 0 | O71: =IF(B71=0,0,VLOOKUP(B71,Datensammler!B:U,15,0)) -> 0 | P71: =IF(B71=0,0,VLOOKUP(B71,Datensammler!B:U,16,0)) -> 0 | Q71: =IF(B71=0,0,VLOOKUP(B71,Datensammler!B:U,17,0)) -> 0 | R71: =IF(B71=0,0,VLOOKUP(B71,Datensammler!B:U,18,0)) -> 0 | S71: =IF(B71=0,0,VLOOKUP(B71,Datensammler!B:U,19,0)) -> 0 | T71: =IF(B71=0,0,VLOOKUP(B71,Datensammler!B:U,20,0)) -> 0 | U71: =C71 -> 0 | V71: =D71 -> 0 | W71: =E71 -> 0 | X71: =F71 -> 0 | Y71: =G71 -> 0 | Z71: =H71 -> 0 | AA71: =I71 -> 0 | AB71: =J71 -> 0 | ... AL71: =T71 -> 0 | AP71: =IF(V71>0,LARGE(U71:AL71,1),0) -> 0 | AQ71: =IFERROR(__xludf.DUMMYFUNCTION("IF(V71>0,MIN(FILTER(U71:AL71, U71:AL71<>0)),0)"),0.0) -> 0 | AS71: =AP71-AQ71 -> 0 | AU71: =COUNTIF(C71:T71, ">0") -> 0 | AW71: =IF(X71>0,LARGE(U71:AL71,2),0) -> 0 | AX71: =IFERROR(__xludf.DUMMYFUNCTION("IF(X71>0,SMALL(FILTER(U71:AL71, U71:AL71<>0), 2),0)"),0.0) -> 0 | AY71: =IF(V71=0,0,AW71-AX71) -> 0 | AZ71: =IF(Y71>0,LARGE(U71:AL71,3),0) -> 0 | BA71: =IFERROR(__xludf.DUMMYFUNCTION("IF(Y71>0,SMALL(FILTER(U71:AL71, U71:AL71<>0), 3),0)"),0.0) -> 0 | BB71: =AZ71-BA71 -> 0
A72: =Spieler!A73 -> 68 | B72: =VLOOKUP(A72,Spieler!A:F,2,0) | C72: =IF(B72=0,0,VLOOKUP(B72,Datensammler!B:U,3,0)) -> 0 | D72: =IF(B72=0,0,VLOOKUP(B72,Datensammler!B:U,4,0)) -> 0 | E72: =IF(B72=0,0,VLOOKUP(B72,Datensammler!B:U,5,0)) -> 0 | F72: =IF(B72=0,0,VLOOKUP(B72,Datensammler!B:U,6,0)) -> 0 | G72: =IF(B72=0,0,VLOOKUP(B72,Datensammler!B:U,7,0)) -> 0 | H72: =IF(B72=0,0,VLOOKUP(B72,Datensammler!B:U,8,0)) -> 0 | I72: =IF(B72=0,0,VLOOKUP(B72,Datensammler!B:U,9,0)) -> 0 | J72: =IF(B72=0,0,VLOOKUP(B72,Datensammler!B:U,10,0)) -> 0 | K72: =IF(B72=0,0,VLOOKUP(B72,Datensammler!B:U,11,0)) -> 0 | L72: =IF(B72=0,0,VLOOKUP(B72,Datensammler!B:U,12,0)) -> 0 | M72: =IF(B72=0,0,VLOOKUP(B72,Datensammler!B:U,13,0)) -> 0 | N72: =IF(B72=0,0,VLOOKUP(B72,Datensammler!B:U,14,0)) -> 0 | O72: =IF(B72=0,0,VLOOKUP(B72,Datensammler!B:U,15,0)) -> 0 | P72: =IF(B72=0,0,VLOOKUP(B72,Datensammler!B:U,16,0)) -> 0 | Q72: =IF(B72=0,0,VLOOKUP(B72,Datensammler!B:U,17,0)) -> 0 | R72: =IF(B72=0,0,VLOOKUP(B72,Datensammler!B:U,18,0)) -> 0 | S72: =IF(B72=0,0,VLOOKUP(B72,Datensammler!B:U,19,0)) -> 0 | T72: =IF(B72=0,0,VLOOKUP(B72,Datensammler!B:U,20,0)) -> 0 | U72: =C72 -> 0 | V72: =D72 -> 0 | W72: =E72 -> 0 | X72: =F72 -> 0 | Y72: =G72 -> 0 | Z72: =H72 -> 0 | AA72: =I72 -> 0 | AB72: =J72 -> 0 | ... AL72: =T72 -> 0 | AP72: =IF(V72>0,LARGE(U72:AL72,1),0) -> 0 | AQ72: =IFERROR(__xludf.DUMMYFUNCTION("IF(V72>0,MIN(FILTER(U72:AL72, U72:AL72<>0)),0)"),0.0) -> 0 | AS72: =AP72-AQ72 -> 0 | AU72: =COUNTIF(C72:T72, ">0") -> 0 | AW72: =IF(X72>0,LARGE(U72:AL72,2),0) -> 0 | AX72: =IFERROR(__xludf.DUMMYFUNCTION("IF(X72>0,SMALL(FILTER(U72:AL72, U72:AL72<>0), 2),0)"),0.0) -> 0 | AY72: =IF(V72=0,0,AW72-AX72) -> 0 | AZ72: =IF(Y72>0,LARGE(U72:AL72,3),0) -> 0 | BA72: =IFERROR(__xludf.DUMMYFUNCTION("IF(Y72>0,SMALL(FILTER(U72:AL72, U72:AL72<>0), 3),0)"),0.0) -> 0 | BB72: =AZ72-BA72 -> 0
A73: =Spieler!A74 -> 69 | B73: =VLOOKUP(A73,Spieler!A:F,2,0) | C73: =IF(B73=0,0,VLOOKUP(B73,Datensammler!B:U,3,0)) -> 0 | D73: =IF(B73=0,0,VLOOKUP(B73,Datensammler!B:U,4,0)) -> 0 | E73: =IF(B73=0,0,VLOOKUP(B73,Datensammler!B:U,5,0)) -> 0 | F73: =IF(B73=0,0,VLOOKUP(B73,Datensammler!B:U,6,0)) -> 0 | G73: =IF(B73=0,0,VLOOKUP(B73,Datensammler!B:U,7,0)) -> 0 | H73: =IF(B73=0,0,VLOOKUP(B73,Datensammler!B:U,8,0)) -> 0 | I73: =IF(B73=0,0,VLOOKUP(B73,Datensammler!B:U,9,0)) -> 0 | J73: =IF(B73=0,0,VLOOKUP(B73,Datensammler!B:U,10,0)) -> 0 | K73: =IF(B73=0,0,VLOOKUP(B73,Datensammler!B:U,11,0)) -> 0 | L73: =IF(B73=0,0,VLOOKUP(B73,Datensammler!B:U,12,0)) -> 0 | M73: =IF(B73=0,0,VLOOKUP(B73,Datensammler!B:U,13,0)) -> 0 | N73: =IF(B73=0,0,VLOOKUP(B73,Datensammler!B:U,14,0)) -> 0 | O73: =IF(B73=0,0,VLOOKUP(B73,Datensammler!B:U,15,0)) -> 0 | P73: =IF(B73=0,0,VLOOKUP(B73,Datensammler!B:U,16,0)) -> 0 | Q73: =IF(B73=0,0,VLOOKUP(B73,Datensammler!B:U,17,0)) -> 0 | R73: =IF(B73=0,0,VLOOKUP(B73,Datensammler!B:U,18,0)) -> 0 | S73: =IF(B73=0,0,VLOOKUP(B73,Datensammler!B:U,19,0)) -> 0 | T73: =IF(B73=0,0,VLOOKUP(B73,Datensammler!B:U,20,0)) -> 0 | U73: =C73 -> 0 | V73: =D73 -> 0 | W73: =E73 -> 0 | X73: =F73 -> 0 | Y73: =G73 -> 0 | Z73: =H73 -> 0 | AA73: =I73 -> 0 | AB73: =J73 -> 0 | ... AL73: =T73 -> 0 | AP73: =IF(V73>0,LARGE(U73:AL73,1),0) -> 0 | AQ73: =IFERROR(__xludf.DUMMYFUNCTION("IF(V73>0,MIN(FILTER(U73:AL73, U73:AL73<>0)),0)"),0.0) -> 0 | AS73: =AP73-AQ73 -> 0 | AU73: =COUNTIF(C73:T73, ">0") -> 0 | AW73: =IF(X73>0,LARGE(U73:AL73,2),0) -> 0 | AX73: =IFERROR(__xludf.DUMMYFUNCTION("IF(X73>0,SMALL(FILTER(U73:AL73, U73:AL73<>0), 2),0)"),0.0) -> 0 | AY73: =IF(V73=0,0,AW73-AX73) -> 0 | AZ73: =IF(Y73>0,LARGE(U73:AL73,3),0) -> 0 | BA73: =IFERROR(__xludf.DUMMYFUNCTION("IF(Y73>0,SMALL(FILTER(U73:AL73, U73:AL73<>0), 3),0)"),0.0) -> 0 | BB73: =AZ73-BA73 -> 0
A74: =Spieler!A75 -> 70 | B74: =VLOOKUP(A74,Spieler!A:F,2,0) | C74: =IF(B74=0,0,VLOOKUP(B74,Datensammler!B:U,3,0)) -> 0 | D74: =IF(B74=0,0,VLOOKUP(B74,Datensammler!B:U,4,0)) -> 0 | E74: =IF(B74=0,0,VLOOKUP(B74,Datensammler!B:U,5,0)) -> 0 | F74: =IF(B74=0,0,VLOOKUP(B74,Datensammler!B:U,6,0)) -> 0 | G74: =IF(B74=0,0,VLOOKUP(B74,Datensammler!B:U,7,0)) -> 0 | H74: =IF(B74=0,0,VLOOKUP(B74,Datensammler!B:U,8,0)) -> 0 | I74: =IF(B74=0,0,VLOOKUP(B74,Datensammler!B:U,9,0)) -> 0 | J74: =IF(B74=0,0,VLOOKUP(B74,Datensammler!B:U,10,0)) -> 0 | K74: =IF(B74=0,0,VLOOKUP(B74,Datensammler!B:U,11,0)) -> 0 | L74: =IF(B74=0,0,VLOOKUP(B74,Datensammler!B:U,12,0)) -> 0 | M74: =IF(B74=0,0,VLOOKUP(B74,Datensammler!B:U,13,0)) -> 0 | N74: =IF(B74=0,0,VLOOKUP(B74,Datensammler!B:U,14,0)) -> 0 | O74: =IF(B74=0,0,VLOOKUP(B74,Datensammler!B:U,15,0)) -> 0 | P74: =IF(B74=0,0,VLOOKUP(B74,Datensammler!B:U,16,0)) -> 0 | Q74: =IF(B74=0,0,VLOOKUP(B74,Datensammler!B:U,17,0)) -> 0 | R74: =IF(B74=0,0,VLOOKUP(B74,Datensammler!B:U,18,0)) -> 0 | S74: =IF(B74=0,0,VLOOKUP(B74,Datensammler!B:U,19,0)) -> 0 | T74: =IF(B74=0,0,VLOOKUP(B74,Datensammler!B:U,20,0)) -> 0 | U74: =C74 -> 0 | V74: =D74 -> 0 | W74: =E74 -> 0 | X74: =F74 -> 0 | Y74: =G74 -> 0 | Z74: =H74 -> 0 | AA74: =I74 -> 0 | AB74: =J74 -> 0 | ... AL74: =T74 -> 0 | AP74: =IF(V74>0,LARGE(U74:AL74,1),0) -> 0 | AQ74: =IFERROR(__xludf.DUMMYFUNCTION("IF(V74>0,MIN(FILTER(U74:AL74, U74:AL74<>0)),0)"),0.0) -> 0 | AS74: =AP74-AQ74 -> 0 | AU74: =COUNTIF(C74:T74, ">0") -> 0 | AW74: =IF(X74>0,LARGE(U74:AL74,2),0) -> 0 | AX74: =IFERROR(__xludf.DUMMYFUNCTION("IF(X74>0,SMALL(FILTER(U74:AL74, U74:AL74<>0), 2),0)"),0.0) -> 0 | AY74: =IF(V74=0,0,AW74-AX74) -> 0 | AZ74: =IF(Y74>0,LARGE(U74:AL74,3),0) -> 0 | BA74: =IFERROR(__xludf.DUMMYFUNCTION("IF(Y74>0,SMALL(FILTER(U74:AL74, U74:AL74<>0), 3),0)"),0.0) -> 0 | BB74: =AZ74-BA74 -> 0
A75: =Spieler!A76 -> 71 | B75: =VLOOKUP(A75,Spieler!A:F,2,0) | C75: =IF(B75=0,0,VLOOKUP(B75,Datensammler!B:U,3,0)) -> 0 | D75: =IF(B75=0,0,VLOOKUP(B75,Datensammler!B:U,4,0)) -> 0 | E75: =IF(B75=0,0,VLOOKUP(B75,Datensammler!B:U,5,0)) -> 0 | F75: =IF(B75=0,0,VLOOKUP(B75,Datensammler!B:U,6,0)) -> 0 | G75: =IF(B75=0,0,VLOOKUP(B75,Datensammler!B:U,7,0)) -> 0 | H75: =IF(B75=0,0,VLOOKUP(B75,Datensammler!B:U,8,0)) -> 0 | I75: =IF(B75=0,0,VLOOKUP(B75,Datensammler!B:U,9,0)) -> 0 | J75: =IF(B75=0,0,VLOOKUP(B75,Datensammler!B:U,10,0)) -> 0 | K75: =IF(B75=0,0,VLOOKUP(B75,Datensammler!B:U,11,0)) -> 0 | L75: =IF(B75=0,0,VLOOKUP(B75,Datensammler!B:U,12,0)) -> 0 | M75: =IF(B75=0,0,VLOOKUP(B75,Datensammler!B:U,13,0)) -> 0 | N75: =IF(B75=0,0,VLOOKUP(B75,Datensammler!B:U,14,0)) -> 0 | O75: =IF(B75=0,0,VLOOKUP(B75,Datensammler!B:U,15,0)) -> 0 | P75: =IF(B75=0,0,VLOOKUP(B75,Datensammler!B:U,16,0)) -> 0 | Q75: =IF(B75=0,0,VLOOKUP(B75,Datensammler!B:U,17,0)) -> 0 | R75: =IF(B75=0,0,VLOOKUP(B75,Datensammler!B:U,18,0)) -> 0 | S75: =IF(B75=0,0,VLOOKUP(B75,Datensammler!B:U,19,0)) -> 0 | T75: =IF(B75=0,0,VLOOKUP(B75,Datensammler!B:U,20,0)) -> 0 | U75: =C75 -> 0 | V75: =D75 -> 0 | W75: =E75 -> 0 | X75: =F75 -> 0 | Y75: =G75 -> 0 | Z75: =H75 -> 0 | AA75: =I75 -> 0 | AB75: =J75 -> 0 | ... AL75: =T75 -> 0 | AP75: =IF(V75>0,LARGE(U75:AL75,1),0) -> 0 | AQ75: =IFERROR(__xludf.DUMMYFUNCTION("IF(V75>0,MIN(FILTER(U75:AL75, U75:AL75<>0)),0)"),0.0) -> 0 | AS75: =AP75-AQ75 -> 0 | AU75: =COUNTIF(C75:T75, ">0") -> 0 | AW75: =IF(X75>0,LARGE(U75:AL75,2),0) -> 0 | AX75: =IFERROR(__xludf.DUMMYFUNCTION("IF(X75>0,SMALL(FILTER(U75:AL75, U75:AL75<>0), 2),0)"),0.0) -> 0 | AY75: =IF(V75=0,0,AW75-AX75) -> 0 | AZ75: =IF(Y75>0,LARGE(U75:AL75,3),0) -> 0 | BA75: =IFERROR(__xludf.DUMMYFUNCTION("IF(Y75>0,SMALL(FILTER(U75:AL75, U75:AL75<>0), 3),0)"),0.0) -> 0 | BB75: =AZ75-BA75 -> 0
A76: =Spieler!A77 -> 72 | B76: =VLOOKUP(A76,Spieler!A:F,2,0) | C76: =IF(B76=0,0,VLOOKUP(B76,Datensammler!B:U,3,0)) -> 0 | D76: =IF(B76=0,0,VLOOKUP(B76,Datensammler!B:U,4,0)) -> 0 | E76: =IF(B76=0,0,VLOOKUP(B76,Datensammler!B:U,5,0)) -> 0 | F76: =IF(B76=0,0,VLOOKUP(B76,Datensammler!B:U,6,0)) -> 0 | G76: =IF(B76=0,0,VLOOKUP(B76,Datensammler!B:U,7,0)) -> 0 | H76: =IF(B76=0,0,VLOOKUP(B76,Datensammler!B:U,8,0)) -> 0 | I76: =IF(B76=0,0,VLOOKUP(B76,Datensammler!B:U,9,0)) -> 0 | J76: =IF(B76=0,0,VLOOKUP(B76,Datensammler!B:U,10,0)) -> 0 | K76: =IF(B76=0,0,VLOOKUP(B76,Datensammler!B:U,11,0)) -> 0 | L76: =IF(B76=0,0,VLOOKUP(B76,Datensammler!B:U,12,0)) -> 0 | M76: =IF(B76=0,0,VLOOKUP(B76,Datensammler!B:U,13,0)) -> 0 | N76: =IF(B76=0,0,VLOOKUP(B76,Datensammler!B:U,14,0)) -> 0 | O76: =IF(B76=0,0,VLOOKUP(B76,Datensammler!B:U,15,0)) -> 0 | P76: =IF(B76=0,0,VLOOKUP(B76,Datensammler!B:U,16,0)) -> 0 | Q76: =IF(B76=0,0,VLOOKUP(B76,Datensammler!B:U,17,0)) -> 0 | R76: =IF(B76=0,0,VLOOKUP(B76,Datensammler!B:U,18,0)) -> 0 | S76: =IF(B76=0,0,VLOOKUP(B76,Datensammler!B:U,19,0)) -> 0 | T76: =IF(B76=0,0,VLOOKUP(B76,Datensammler!B:U,20,0)) -> 0 | U76: =C76 -> 0 | V76: =D76 -> 0 | W76: =E76 -> 0 | X76: =F76 -> 0 | Y76: =G76 -> 0 | Z76: =H76 -> 0 | AA76: =I76 -> 0 | AB76: =J76 -> 0 | ... AL76: =T76 -> 0 | AP76: =IF(V76>0,LARGE(U76:AL76,1),0) -> 0 | AQ76: =IFERROR(__xludf.DUMMYFUNCTION("IF(V76>0,MIN(FILTER(U76:AL76, U76:AL76<>0)),0)"),0.0) -> 0 | AS76: =AP76-AQ76 -> 0 | AU76: =COUNTIF(C76:T76, ">0") -> 0 | AW76: =IF(X76>0,LARGE(U76:AL76,2),0) -> 0 | AX76: =IFERROR(__xludf.DUMMYFUNCTION("IF(X76>0,SMALL(FILTER(U76:AL76, U76:AL76<>0), 2),0)"),0.0) -> 0 | AY76: =IF(V76=0,0,AW76-AX76) -> 0 | AZ76: =IF(Y76>0,LARGE(U76:AL76,3),0) -> 0 | BA76: =IFERROR(__xludf.DUMMYFUNCTION("IF(Y76>0,SMALL(FILTER(U76:AL76, U76:AL76<>0), 3),0)"),0.0) -> 0 | BB76: =AZ76-BA76 -> 0
A77: =Spieler!A78 -> 73 | B77: =VLOOKUP(A77,Spieler!A:F,2,0) | C77: =IF(B77=0,0,VLOOKUP(B77,Datensammler!B:U,3,0)) -> 0 | D77: =IF(B77=0,0,VLOOKUP(B77,Datensammler!B:U,4,0)) -> 0 | E77: =IF(B77=0,0,VLOOKUP(B77,Datensammler!B:U,5,0)) -> 0 | F77: =IF(B77=0,0,VLOOKUP(B77,Datensammler!B:U,6,0)) -> 0 | G77: =IF(B77=0,0,VLOOKUP(B77,Datensammler!B:U,7,0)) -> 0 | H77: =IF(B77=0,0,VLOOKUP(B77,Datensammler!B:U,8,0)) -> 0 | I77: =IF(B77=0,0,VLOOKUP(B77,Datensammler!B:U,9,0)) -> 0 | J77: =IF(B77=0,0,VLOOKUP(B77,Datensammler!B:U,10,0)) -> 0 | K77: =IF(B77=0,0,VLOOKUP(B77,Datensammler!B:U,11,0)) -> 0 | L77: =IF(B77=0,0,VLOOKUP(B77,Datensammler!B:U,12,0)) -> 0 | M77: =IF(B77=0,0,VLOOKUP(B77,Datensammler!B:U,13,0)) -> 0 | N77: =IF(B77=0,0,VLOOKUP(B77,Datensammler!B:U,14,0)) -> 0 | O77: =IF(B77=0,0,VLOOKUP(B77,Datensammler!B:U,15,0)) -> 0 | P77: =IF(B77=0,0,VLOOKUP(B77,Datensammler!B:U,16,0)) -> 0 | Q77: =IF(B77=0,0,VLOOKUP(B77,Datensammler!B:U,17,0)) -> 0 | R77: =IF(B77=0,0,VLOOKUP(B77,Datensammler!B:U,18,0)) -> 0 | S77: =IF(B77=0,0,VLOOKUP(B77,Datensammler!B:U,19,0)) -> 0 | T77: =IF(B77=0,0,VLOOKUP(B77,Datensammler!B:U,20,0)) -> 0 | U77: =C77 -> 0 | V77: =D77 -> 0 | W77: =E77 -> 0 | X77: =F77 -> 0 | Y77: =G77 -> 0 | Z77: =H77 -> 0 | AA77: =I77 -> 0 | AB77: =J77 -> 0 | ... AL77: =T77 -> 0 | AP77: =IF(V77>0,LARGE(U77:AL77,1),0) -> 0 | AQ77: =IFERROR(__xludf.DUMMYFUNCTION("IF(V77>0,MIN(FILTER(U77:AL77, U77:AL77<>0)),0)"),0.0) -> 0 | AS77: =AP77-AQ77 -> 0 | AU77: =COUNTIF(C77:T77, ">0") -> 0 | AW77: =IF(X77>0,LARGE(U77:AL77,2),0) -> 0 | AX77: =IFERROR(__xludf.DUMMYFUNCTION("IF(X77>0,SMALL(FILTER(U77:AL77, U77:AL77<>0), 2),0)"),0.0) -> 0 | AY77: =IF(V77=0,0,AW77-AX77) -> 0 | AZ77: =IF(Y77>0,LARGE(U77:AL77,3),0) -> 0 | BA77: =IFERROR(__xludf.DUMMYFUNCTION("IF(Y77>0,SMALL(FILTER(U77:AL77, U77:AL77<>0), 3),0)"),0.0) -> 0 | BB77: =AZ77-BA77 -> 0
A78: =Spieler!A79 -> 74 | B78: =VLOOKUP(A78,Spieler!A:F,2,0) | C78: =IF(B78=0,0,VLOOKUP(B78,Datensammler!B:U,3,0)) -> 0 | D78: =IF(B78=0,0,VLOOKUP(B78,Datensammler!B:U,4,0)) -> 0 | E78: =IF(B78=0,0,VLOOKUP(B78,Datensammler!B:U,5,0)) -> 0 | F78: =IF(B78=0,0,VLOOKUP(B78,Datensammler!B:U,6,0)) -> 0 | G78: =IF(B78=0,0,VLOOKUP(B78,Datensammler!B:U,7,0)) -> 0 | H78: =IF(B78=0,0,VLOOKUP(B78,Datensammler!B:U,8,0)) -> 0 | I78: =IF(B78=0,0,VLOOKUP(B78,Datensammler!B:U,9,0)) -> 0 | J78: =IF(B78=0,0,VLOOKUP(B78,Datensammler!B:U,10,0)) -> 0 | K78: =IF(B78=0,0,VLOOKUP(B78,Datensammler!B:U,11,0)) -> 0 | L78: =IF(B78=0,0,VLOOKUP(B78,Datensammler!B:U,12,0)) -> 0 | M78: =IF(B78=0,0,VLOOKUP(B78,Datensammler!B:U,13,0)) -> 0 | N78: =IF(B78=0,0,VLOOKUP(B78,Datensammler!B:U,14,0)) -> 0 | O78: =IF(B78=0,0,VLOOKUP(B78,Datensammler!B:U,15,0)) -> 0 | P78: =IF(B78=0,0,VLOOKUP(B78,Datensammler!B:U,16,0)) -> 0 | Q78: =IF(B78=0,0,VLOOKUP(B78,Datensammler!B:U,17,0)) -> 0 | R78: =IF(B78=0,0,VLOOKUP(B78,Datensammler!B:U,18,0)) -> 0 | S78: =IF(B78=0,0,VLOOKUP(B78,Datensammler!B:U,19,0)) -> 0 | T78: =IF(B78=0,0,VLOOKUP(B78,Datensammler!B:U,20,0)) -> 0 | U78: =C78 -> 0 | V78: =D78 -> 0 | W78: =E78 -> 0 | X78: =F78 -> 0 | Y78: =G78 -> 0 | Z78: =H78 -> 0 | AA78: =I78 -> 0 | AB78: =J78 -> 0 | ... AL78: =T78 -> 0 | AP78: =IF(V78>0,LARGE(U78:AL78,1),0) -> 0 | AQ78: =IFERROR(__xludf.DUMMYFUNCTION("IF(V78>0,MIN(FILTER(U78:AL78, U78:AL78<>0)),0)"),0.0) -> 0 | AS78: =AP78-AQ78 -> 0 | AU78: =COUNTIF(C78:T78, ">0") -> 0 | AW78: =IF(X78>0,LARGE(U78:AL78,2),0) -> 0 | AX78: =IFERROR(__xludf.DUMMYFUNCTION("IF(X78>0,SMALL(FILTER(U78:AL78, U78:AL78<>0), 2),0)"),0.0) -> 0 | AY78: =IF(V78=0,0,AW78-AX78) -> 0 | AZ78: =IF(Y78>0,LARGE(U78:AL78,3),0) -> 0 | BA78: =IFERROR(__xludf.DUMMYFUNCTION("IF(Y78>0,SMALL(FILTER(U78:AL78, U78:AL78<>0), 3),0)"),0.0) -> 0 | BB78: =AZ78-BA78 -> 0
A79: =Spieler!A80 -> 75 | B79: =VLOOKUP(A79,Spieler!A:F,2,0) | C79: =IF(B79=0,0,VLOOKUP(B79,Datensammler!B:U,3,0)) -> 0 | D79: =IF(B79=0,0,VLOOKUP(B79,Datensammler!B:U,4,0)) -> 0 | E79: =IF(B79=0,0,VLOOKUP(B79,Datensammler!B:U,5,0)) -> 0 | F79: =IF(B79=0,0,VLOOKUP(B79,Datensammler!B:U,6,0)) -> 0 | G79: =IF(B79=0,0,VLOOKUP(B79,Datensammler!B:U,7,0)) -> 0 | H79: =IF(B79=0,0,VLOOKUP(B79,Datensammler!B:U,8,0)) -> 0 | I79: =IF(B79=0,0,VLOOKUP(B79,Datensammler!B:U,9,0)) -> 0 | J79: =IF(B79=0,0,VLOOKUP(B79,Datensammler!B:U,10,0)) -> 0 | K79: =IF(B79=0,0,VLOOKUP(B79,Datensammler!B:U,11,0)) -> 0 | L79: =IF(B79=0,0,VLOOKUP(B79,Datensammler!B:U,12,0)) -> 0 | M79: =IF(B79=0,0,VLOOKUP(B79,Datensammler!B:U,13,0)) -> 0 | N79: =IF(B79=0,0,VLOOKUP(B79,Datensammler!B:U,14,0)) -> 0 | O79: =IF(B79=0,0,VLOOKUP(B79,Datensammler!B:U,15,0)) -> 0 | P79: =IF(B79=0,0,VLOOKUP(B79,Datensammler!B:U,16,0)) -> 0 | Q79: =IF(B79=0,0,VLOOKUP(B79,Datensammler!B:U,17,0)) -> 0 | R79: =IF(B79=0,0,VLOOKUP(B79,Datensammler!B:U,18,0)) -> 0 | S79: =IF(B79=0,0,VLOOKUP(B79,Datensammler!B:U,19,0)) -> 0 | T79: =IF(B79=0,0,VLOOKUP(B79,Datensammler!B:U,20,0)) -> 0 | U79: =C79 -> 0 | V79: =D79 -> 0 | W79: =E79 -> 0 | X79: =F79 -> 0 | Y79: =G79 -> 0 | Z79: =H79 -> 0 | AA79: =I79 -> 0 | AB79: =J79 -> 0 | ... AL79: =T79 -> 0 | AP79: =IF(V79>0,LARGE(U79:AL79,1),0) -> 0 | AQ79: =IFERROR(__xludf.DUMMYFUNCTION("IF(V79>0,MIN(FILTER(U79:AL79, U79:AL79<>0)),0)"),0.0) -> 0 | AS79: =AP79-AQ79 -> 0 | AU79: =COUNTIF(C79:T79, ">0") -> 0 | AW79: =IF(X79>0,LARGE(U79:AL79,2),0) -> 0 | AX79: =IFERROR(__xludf.DUMMYFUNCTION("IF(X79>0,SMALL(FILTER(U79:AL79, U79:AL79<>0), 2),0)"),0.0) -> 0 | AY79: =IF(V79=0,0,AW79-AX79) -> 0 | AZ79: =IF(Y79>0,LARGE(U79:AL79,3),0) -> 0 | BA79: =IFERROR(__xludf.DUMMYFUNCTION("IF(Y79>0,SMALL(FILTER(U79:AL79, U79:AL79<>0), 3),0)"),0.0) -> 0 | BB79: =AZ79-BA79 -> 0
A80: =Spieler!A81 -> 76 | B80: =VLOOKUP(A80,Spieler!A:F,2,0) | C80: =IF(B80=0,0,VLOOKUP(B80,Datensammler!B:U,3,0)) -> 0 | D80: =IF(B80=0,0,VLOOKUP(B80,Datensammler!B:U,4,0)) -> 0 | E80: =IF(B80=0,0,VLOOKUP(B80,Datensammler!B:U,5,0)) -> 0 | F80: =IF(B80=0,0,VLOOKUP(B80,Datensammler!B:U,6,0)) -> 0 | G80: =IF(B80=0,0,VLOOKUP(B80,Datensammler!B:U,7,0)) -> 0 | H80: =IF(B80=0,0,VLOOKUP(B80,Datensammler!B:U,8,0)) -> 0 | I80: =IF(B80=0,0,VLOOKUP(B80,Datensammler!B:U,9,0)) -> 0 | J80: =IF(B80=0,0,VLOOKUP(B80,Datensammler!B:U,10,0)) -> 0 | K80: =IF(B80=0,0,VLOOKUP(B80,Datensammler!B:U,11,0)) -> 0 | L80: =IF(B80=0,0,VLOOKUP(B80,Datensammler!B:U,12,0)) -> 0 | M80: =IF(B80=0,0,VLOOKUP(B80,Datensammler!B:U,13,0)) -> 0 | N80: =IF(B80=0,0,VLOOKUP(B80,Datensammler!B:U,14,0)) -> 0 | O80: =IF(B80=0,0,VLOOKUP(B80,Datensammler!B:U,15,0)) -> 0 | P80: =IF(B80=0,0,VLOOKUP(B80,Datensammler!B:U,16,0)) -> 0 | Q80: =IF(B80=0,0,VLOOKUP(B80,Datensammler!B:U,17,0)) -> 0 | R80: =IF(B80=0,0,VLOOKUP(B80,Datensammler!B:U,18,0)) -> 0 | S80: =IF(B80=0,0,VLOOKUP(B80,Datensammler!B:U,19,0)) -> 0 | T80: =IF(B80=0,0,VLOOKUP(B80,Datensammler!B:U,20,0)) -> 0 | U80: =C80 -> 0 | V80: =D80 -> 0 | W80: =E80 -> 0 | X80: =F80 -> 0 | Y80: =G80 -> 0 | Z80: =H80 -> 0 | AA80: =I80 -> 0 | AB80: =J80 -> 0 | ... AL80: =T80 -> 0 | AP80: =IF(V80>0,LARGE(U80:AL80,1),0) -> 0 | AQ80: =IFERROR(__xludf.DUMMYFUNCTION("IF(V80>0,MIN(FILTER(U80:AL80, U80:AL80<>0)),0)"),0.0) -> 0 | AS80: =AP80-AQ80 -> 0 | AU80: =COUNTIF(C80:T80, ">0") -> 0 | AW80: =IF(X80>0,LARGE(U80:AL80,2),0) -> 0 | AX80: =IFERROR(__xludf.DUMMYFUNCTION("IF(X80>0,SMALL(FILTER(U80:AL80, U80:AL80<>0), 2),0)"),0.0) -> 0 | AY80: =IF(V80=0,0,AW80-AX80) -> 0 | AZ80: =IF(Y80>0,LARGE(U80:AL80,3),0) -> 0 | BA80: =IFERROR(__xludf.DUMMYFUNCTION("IF(Y80>0,SMALL(FILTER(U80:AL80, U80:AL80<>0), 3),0)"),0.0) -> 0 | BB80: =AZ80-BA80 -> 0
A81: =Spieler!A82 -> 77 | B81: =VLOOKUP(A81,Spieler!A:F,2,0) | C81: =IF(B81=0,0,VLOOKUP(B81,Datensammler!B:U,3,0)) -> 0 | D81: =IF(B81=0,0,VLOOKUP(B81,Datensammler!B:U,4,0)) -> 0 | E81: =IF(B81=0,0,VLOOKUP(B81,Datensammler!B:U,5,0)) -> 0 | F81: =IF(B81=0,0,VLOOKUP(B81,Datensammler!B:U,6,0)) -> 0 | G81: =IF(B81=0,0,VLOOKUP(B81,Datensammler!B:U,7,0)) -> 0 | H81: =IF(B81=0,0,VLOOKUP(B81,Datensammler!B:U,8,0)) -> 0 | I81: =IF(B81=0,0,VLOOKUP(B81,Datensammler!B:U,9,0)) -> 0 | J81: =IF(B81=0,0,VLOOKUP(B81,Datensammler!B:U,10,0)) -> 0 | K81: =IF(B81=0,0,VLOOKUP(B81,Datensammler!B:U,11,0)) -> 0 | L81: =IF(B81=0,0,VLOOKUP(B81,Datensammler!B:U,12,0)) -> 0 | M81: =IF(B81=0,0,VLOOKUP(B81,Datensammler!B:U,13,0)) -> 0 | N81: =IF(B81=0,0,VLOOKUP(B81,Datensammler!B:U,14,0)) -> 0 | O81: =IF(B81=0,0,VLOOKUP(B81,Datensammler!B:U,15,0)) -> 0 | P81: =IF(B81=0,0,VLOOKUP(B81,Datensammler!B:U,16,0)) -> 0 | Q81: =IF(B81=0,0,VLOOKUP(B81,Datensammler!B:U,17,0)) -> 0 | R81: =IF(B81=0,0,VLOOKUP(B81,Datensammler!B:U,18,0)) -> 0 | S81: =IF(B81=0,0,VLOOKUP(B81,Datensammler!B:U,19,0)) -> 0 | T81: =IF(B81=0,0,VLOOKUP(B81,Datensammler!B:U,20,0)) -> 0 | U81: =C81 -> 0 | V81: =D81 -> 0 | W81: =E81 -> 0 | X81: =F81 -> 0 | Y81: =G81 -> 0 | Z81: =H81 -> 0 | AA81: =I81 -> 0 | AB81: =J81 -> 0 | ... AL81: =T81 -> 0 | AP81: =IF(V81>0,LARGE(U81:AL81,1),0) -> 0 | AQ81: =IFERROR(__xludf.DUMMYFUNCTION("IF(V81>0,MIN(FILTER(U81:AL81, U81:AL81<>0)),0)"),0.0) -> 0 | AS81: =AP81-AQ81 -> 0 | AU81: =COUNTIF(C81:T81, ">0") -> 0 | AW81: =IF(X81>0,LARGE(U81:AL81,2),0) -> 0 | AX81: =IFERROR(__xludf.DUMMYFUNCTION("IF(X81>0,SMALL(FILTER(U81:AL81, U81:AL81<>0), 2),0)"),0.0) -> 0 | AY81: =IF(V81=0,0,AW81-AX81) -> 0 | AZ81: =IF(Y81>0,LARGE(U81:AL81,3),0) -> 0 | BA81: =IFERROR(__xludf.DUMMYFUNCTION("IF(Y81>0,SMALL(FILTER(U81:AL81, U81:AL81<>0), 3),0)"),0.0) -> 0 | BB81: =AZ81-BA81 -> 0
A82: =Spieler!A83 -> 78 | B82: =VLOOKUP(A82,Spieler!A:F,2,0) | C82: =IF(B82=0,0,VLOOKUP(B82,Datensammler!B:U,3,0)) -> 0 | D82: =IF(B82=0,0,VLOOKUP(B82,Datensammler!B:U,4,0)) -> 0 | E82: =IF(B82=0,0,VLOOKUP(B82,Datensammler!B:U,5,0)) -> 0 | F82: =IF(B82=0,0,VLOOKUP(B82,Datensammler!B:U,6,0)) -> 0 | G82: =IF(B82=0,0,VLOOKUP(B82,Datensammler!B:U,7,0)) -> 0 | H82: =IF(B82=0,0,VLOOKUP(B82,Datensammler!B:U,8,0)) -> 0 | I82: =IF(B82=0,0,VLOOKUP(B82,Datensammler!B:U,9,0)) -> 0 | J82: =IF(B82=0,0,VLOOKUP(B82,Datensammler!B:U,10,0)) -> 0 | K82: =IF(B82=0,0,VLOOKUP(B82,Datensammler!B:U,11,0)) -> 0 | L82: =IF(B82=0,0,VLOOKUP(B82,Datensammler!B:U,12,0)) -> 0 | M82: =IF(B82=0,0,VLOOKUP(B82,Datensammler!B:U,13,0)) -> 0 | N82: =IF(B82=0,0,VLOOKUP(B82,Datensammler!B:U,14,0)) -> 0 | O82: =IF(B82=0,0,VLOOKUP(B82,Datensammler!B:U,15,0)) -> 0 | P82: =IF(B82=0,0,VLOOKUP(B82,Datensammler!B:U,16,0)) -> 0 | Q82: =IF(B82=0,0,VLOOKUP(B82,Datensammler!B:U,17,0)) -> 0 | R82: =IF(B82=0,0,VLOOKUP(B82,Datensammler!B:U,18,0)) -> 0 | S82: =IF(B82=0,0,VLOOKUP(B82,Datensammler!B:U,19,0)) -> 0 | T82: =IF(B82=0,0,VLOOKUP(B82,Datensammler!B:U,20,0)) -> 0 | U82: =C82 -> 0 | V82: =D82 -> 0 | W82: =E82 -> 0 | X82: =F82 -> 0 | Y82: =G82 -> 0 | Z82: =H82 -> 0 | AA82: =I82 -> 0 | AB82: =J82 -> 0 | ... AL82: =T82 -> 0 | AP82: =IF(V82>0,LARGE(U82:AL82,1),0) -> 0 | AQ82: =IFERROR(__xludf.DUMMYFUNCTION("IF(V82>0,MIN(FILTER(U82:AL82, U82:AL82<>0)),0)"),0.0) -> 0 | AS82: =AP82-AQ82 -> 0 | AU82: =COUNTIF(C82:T82, ">0") -> 0 | AW82: =IF(X82>0,LARGE(U82:AL82,2),0) -> 0 | AX82: =IFERROR(__xludf.DUMMYFUNCTION("IF(X82>0,SMALL(FILTER(U82:AL82, U82:AL82<>0), 2),0)"),0.0) -> 0 | AY82: =IF(V82=0,0,AW82-AX82) -> 0 | AZ82: =IF(Y82>0,LARGE(U82:AL82,3),0) -> 0 | BA82: =IFERROR(__xludf.DUMMYFUNCTION("IF(Y82>0,SMALL(FILTER(U82:AL82, U82:AL82<>0), 3),0)"),0.0) -> 0 | BB82: =AZ82-BA82 -> 0
A83: =Spieler!A84 -> 79 | B83: =VLOOKUP(A83,Spieler!A:F,2,0) | C83: =IF(B83=0,0,VLOOKUP(B83,Datensammler!B:U,3,0)) -> 0 | D83: =IF(B83=0,0,VLOOKUP(B83,Datensammler!B:U,4,0)) -> 0 | E83: =IF(B83=0,0,VLOOKUP(B83,Datensammler!B:U,5,0)) -> 0 | F83: =IF(B83=0,0,VLOOKUP(B83,Datensammler!B:U,6,0)) -> 0 | G83: =IF(B83=0,0,VLOOKUP(B83,Datensammler!B:U,7,0)) -> 0 | H83: =IF(B83=0,0,VLOOKUP(B83,Datensammler!B:U,8,0)) -> 0 | I83: =IF(B83=0,0,VLOOKUP(B83,Datensammler!B:U,9,0)) -> 0 | J83: =IF(B83=0,0,VLOOKUP(B83,Datensammler!B:U,10,0)) -> 0 | K83: =IF(B83=0,0,VLOOKUP(B83,Datensammler!B:U,11,0)) -> 0 | L83: =IF(B83=0,0,VLOOKUP(B83,Datensammler!B:U,12,0)) -> 0 | M83: =IF(B83=0,0,VLOOKUP(B83,Datensammler!B:U,13,0)) -> 0 | N83: =IF(B83=0,0,VLOOKUP(B83,Datensammler!B:U,14,0)) -> 0 | O83: =IF(B83=0,0,VLOOKUP(B83,Datensammler!B:U,15,0)) -> 0 | P83: =IF(B83=0,0,VLOOKUP(B83,Datensammler!B:U,16,0)) -> 0 | Q83: =IF(B83=0,0,VLOOKUP(B83,Datensammler!B:U,17,0)) -> 0 | R83: =IF(B83=0,0,VLOOKUP(B83,Datensammler!B:U,18,0)) -> 0 | S83: =IF(B83=0,0,VLOOKUP(B83,Datensammler!B:U,19,0)) -> 0 | T83: =IF(B83=0,0,VLOOKUP(B83,Datensammler!B:U,20,0)) -> 0 | U83: =C83 -> 0 | V83: =D83 -> 0 | W83: =E83 -> 0 | X83: =F83 -> 0 | Y83: =G83 -> 0 | Z83: =H83 -> 0 | AA83: =I83 -> 0 | AB83: =J83 -> 0 | ... AL83: =T83 -> 0 | AP83: =IF(V83>0,LARGE(U83:AL83,1),0) -> 0 | AQ83: =IFERROR(__xludf.DUMMYFUNCTION("IF(V83>0,MIN(FILTER(U83:AL83, U83:AL83<>0)),0)"),0.0) -> 0 | AS83: =AP83-AQ83 -> 0 | AU83: =COUNTIF(C83:T83, ">0") -> 0 | AW83: =IF(X83>0,LARGE(U83:AL83,2),0) -> 0 | AX83: =IFERROR(__xludf.DUMMYFUNCTION("IF(X83>0,SMALL(FILTER(U83:AL83, U83:AL83<>0), 2),0)"),0.0) -> 0 | AY83: =IF(V83=0,0,AW83-AX83) -> 0 | AZ83: =IF(Y83>0,LARGE(U83:AL83,3),0) -> 0 | BA83: =IFERROR(__xludf.DUMMYFUNCTION("IF(Y83>0,SMALL(FILTER(U83:AL83, U83:AL83<>0), 3),0)"),0.0) -> 0 | BB83: =AZ83-BA83 -> 0
A84: =Spieler!A85 -> 80 | B84: =VLOOKUP(A84,Spieler!A:F,2,0) | C84: =IF(B84=0,0,VLOOKUP(B84,Datensammler!B:U,3,0)) -> 0 | D84: =IF(B84=0,0,VLOOKUP(B84,Datensammler!B:U,4,0)) -> 0 | E84: =IF(B84=0,0,VLOOKUP(B84,Datensammler!B:U,5,0)) -> 0 | F84: =IF(B84=0,0,VLOOKUP(B84,Datensammler!B:U,6,0)) -> 0 | G84: =IF(B84=0,0,VLOOKUP(B84,Datensammler!B:U,7,0)) -> 0 | H84: =IF(B84=0,0,VLOOKUP(B84,Datensammler!B:U,8,0)) -> 0 | I84: =IF(B84=0,0,VLOOKUP(B84,Datensammler!B:U,9,0)) -> 0 | J84: =IF(B84=0,0,VLOOKUP(B84,Datensammler!B:U,10,0)) -> 0 | K84: =IF(B84=0,0,VLOOKUP(B84,Datensammler!B:U,11,0)) -> 0 | L84: =IF(B84=0,0,VLOOKUP(B84,Datensammler!B:U,12,0)) -> 0 | M84: =IF(B84=0,0,VLOOKUP(B84,Datensammler!B:U,13,0)) -> 0 | N84: =IF(B84=0,0,VLOOKUP(B84,Datensammler!B:U,14,0)) -> 0 | O84: =IF(B84=0,0,VLOOKUP(B84,Datensammler!B:U,15,0)) -> 0 | P84: =IF(B84=0,0,VLOOKUP(B84,Datensammler!B:U,16,0)) -> 0 | Q84: =IF(B84=0,0,VLOOKUP(B84,Datensammler!B:U,17,0)) -> 0 | R84: =IF(B84=0,0,VLOOKUP(B84,Datensammler!B:U,18,0)) -> 0 | S84: =IF(B84=0,0,VLOOKUP(B84,Datensammler!B:U,19,0)) -> 0 | T84: =IF(B84=0,0,VLOOKUP(B84,Datensammler!B:U,20,0)) -> 0 | U84: =C84 -> 0 | V84: =D84 -> 0 | W84: =E84 -> 0 | X84: =F84 -> 0 | Y84: =G84 -> 0 | Z84: =H84 -> 0 | AA84: =I84 -> 0 | AB84: =J84 -> 0 | ... AL84: =T84 -> 0 | AP84: =IF(V84>0,LARGE(U84:AL84,1),0) -> 0 | AQ84: =IFERROR(__xludf.DUMMYFUNCTION("IF(V84>0,MIN(FILTER(U84:AL84, U84:AL84<>0)),0)"),0.0) -> 0 | AS84: =AP84-AQ84 -> 0 | AU84: =COUNTIF(C84:T84, ">0") -> 0 | AW84: =IF(X84>0,LARGE(U84:AL84,2),0) -> 0 | AX84: =IFERROR(__xludf.DUMMYFUNCTION("IF(X84>0,SMALL(FILTER(U84:AL84, U84:AL84<>0), 2),0)"),0.0) -> 0 | AY84: =IF(V84=0,0,AW84-AX84) -> 0 | AZ84: =IF(Y84>0,LARGE(U84:AL84,3),0) -> 0 | BA84: =IFERROR(__xludf.DUMMYFUNCTION("IF(Y84>0,SMALL(FILTER(U84:AL84, U84:AL84<>0), 3),0)"),0.0) -> 0 | BB84: =AZ84-BA84 -> 0
A85: =Spieler!A86 -> 81 | B85: =VLOOKUP(A85,Spieler!A:F,2,0) | C85: =IF(B85=0,0,VLOOKUP(B85,Datensammler!B:U,3,0)) -> 0 | D85: =IF(B85=0,0,VLOOKUP(B85,Datensammler!B:U,4,0)) -> 0 | E85: =IF(B85=0,0,VLOOKUP(B85,Datensammler!B:U,5,0)) -> 0 | F85: =IF(B85=0,0,VLOOKUP(B85,Datensammler!B:U,6,0)) -> 0 | G85: =IF(B85=0,0,VLOOKUP(B85,Datensammler!B:U,7,0)) -> 0 | H85: =IF(B85=0,0,VLOOKUP(B85,Datensammler!B:U,8,0)) -> 0 | I85: =IF(B85=0,0,VLOOKUP(B85,Datensammler!B:U,9,0)) -> 0 | J85: =IF(B85=0,0,VLOOKUP(B85,Datensammler!B:U,10,0)) -> 0 | K85: =IF(B85=0,0,VLOOKUP(B85,Datensammler!B:U,11,0)) -> 0 | L85: =IF(B85=0,0,VLOOKUP(B85,Datensammler!B:U,12,0)) -> 0 | M85: =IF(B85=0,0,VLOOKUP(B85,Datensammler!B:U,13,0)) -> 0 | N85: =IF(B85=0,0,VLOOKUP(B85,Datensammler!B:U,14,0)) -> 0 | O85: =IF(B85=0,0,VLOOKUP(B85,Datensammler!B:U,15,0)) -> 0 | P85: =IF(B85=0,0,VLOOKUP(B85,Datensammler!B:U,16,0)) -> 0 | Q85: =IF(B85=0,0,VLOOKUP(B85,Datensammler!B:U,17,0)) -> 0 | R85: =IF(B85=0,0,VLOOKUP(B85,Datensammler!B:U,18,0)) -> 0 | S85: =IF(B85=0,0,VLOOKUP(B85,Datensammler!B:U,19,0)) -> 0 | T85: =IF(B85=0,0,VLOOKUP(B85,Datensammler!B:U,20,0)) -> 0 | U85: =C85 -> 0 | V85: =D85 -> 0 | W85: =E85 -> 0 | X85: =F85 -> 0 | Y85: =G85 -> 0 | Z85: =H85 -> 0 | AA85: =I85 -> 0 | AB85: =J85 -> 0 | ... AL85: =T85 -> 0 | AP85: =IF(V85>0,LARGE(U85:AL85,1),0) -> 0 | AQ85: =IFERROR(__xludf.DUMMYFUNCTION("IF(V85>0,MIN(FILTER(U85:AL85, U85:AL85<>0)),0)"),0.0) -> 0 | AS85: =AP85-AQ85 -> 0 | AU85: =COUNTIF(C85:T85, ">0") -> 0 | AW85: =IF(X85>0,LARGE(U85:AL85,2),0) -> 0 | AX85: =IFERROR(__xludf.DUMMYFUNCTION("IF(X85>0,SMALL(FILTER(U85:AL85, U85:AL85<>0), 2),0)"),0.0) -> 0 | AY85: =IF(V85=0,0,AW85-AX85) -> 0 | AZ85: =IF(Y85>0,LARGE(U85:AL85,3),0) -> 0 | BA85: =IFERROR(__xludf.DUMMYFUNCTION("IF(Y85>0,SMALL(FILTER(U85:AL85, U85:AL85<>0), 3),0)"),0.0) -> 0 | BB85: =AZ85-BA85 -> 0
A86: =Spieler!A87 -> 82 | B86: =VLOOKUP(A86,Spieler!A:F,2,0) | C86: =IF(B86=0,0,VLOOKUP(B86,Datensammler!B:U,3,0)) -> 0 | D86: =IF(B86=0,0,VLOOKUP(B86,Datensammler!B:U,4,0)) -> 0 | E86: =IF(B86=0,0,VLOOKUP(B86,Datensammler!B:U,5,0)) -> 0 | F86: =IF(B86=0,0,VLOOKUP(B86,Datensammler!B:U,6,0)) -> 0 | G86: =IF(B86=0,0,VLOOKUP(B86,Datensammler!B:U,7,0)) -> 0 | H86: =IF(B86=0,0,VLOOKUP(B86,Datensammler!B:U,8,0)) -> 0 | I86: =IF(B86=0,0,VLOOKUP(B86,Datensammler!B:U,9,0)) -> 0 | J86: =IF(B86=0,0,VLOOKUP(B86,Datensammler!B:U,10,0)) -> 0 | K86: =IF(B86=0,0,VLOOKUP(B86,Datensammler!B:U,11,0)) -> 0 | L86: =IF(B86=0,0,VLOOKUP(B86,Datensammler!B:U,12,0)) -> 0 | M86: =IF(B86=0,0,VLOOKUP(B86,Datensammler!B:U,13,0)) -> 0 | N86: =IF(B86=0,0,VLOOKUP(B86,Datensammler!B:U,14,0)) -> 0 | O86: =IF(B86=0,0,VLOOKUP(B86,Datensammler!B:U,15,0)) -> 0 | P86: =IF(B86=0,0,VLOOKUP(B86,Datensammler!B:U,16,0)) -> 0 | Q86: =IF(B86=0,0,VLOOKUP(B86,Datensammler!B:U,17,0)) -> 0 | R86: =IF(B86=0,0,VLOOKUP(B86,Datensammler!B:U,18,0)) -> 0 | S86: =IF(B86=0,0,VLOOKUP(B86,Datensammler!B:U,19,0)) -> 0 | T86: =IF(B86=0,0,VLOOKUP(B86,Datensammler!B:U,20,0)) -> 0 | U86: =C86 -> 0 | V86: =D86 -> 0 | W86: =E86 -> 0 | X86: =F86 -> 0 | Y86: =G86 -> 0 | Z86: =H86 -> 0 | AA86: =I86 -> 0 | AB86: =J86 -> 0 | ... AL86: =T86 -> 0 | AP86: =IF(V86>0,LARGE(U86:AL86,1),0) -> 0 | AQ86: =IFERROR(__xludf.DUMMYFUNCTION("IF(V86>0,MIN(FILTER(U86:AL86, U86:AL86<>0)),0)"),0.0) -> 0 | AS86: =AP86-AQ86 -> 0 | AU86: =COUNTIF(C86:T86, ">0") -> 0 | AW86: =IF(X86>0,LARGE(U86:AL86,2),0) -> 0 | AX86: =IFERROR(__xludf.DUMMYFUNCTION("IF(X86>0,SMALL(FILTER(U86:AL86, U86:AL86<>0), 2),0)"),0.0) -> 0 | AY86: =IF(V86=0,0,AW86-AX86) -> 0 | AZ86: =IF(Y86>0,LARGE(U86:AL86,3),0) -> 0 | BA86: =IFERROR(__xludf.DUMMYFUNCTION("IF(Y86>0,SMALL(FILTER(U86:AL86, U86:AL86<>0), 3),0)"),0.0) -> 0 | BB86: =AZ86-BA86 -> 0
A87: =Spieler!A88 -> 83 | B87: =VLOOKUP(A87,Spieler!A:F,2,0) | C87: =IF(B87=0,0,VLOOKUP(B87,Datensammler!B:U,3,0)) -> 0 | D87: =IF(B87=0,0,VLOOKUP(B87,Datensammler!B:U,4,0)) -> 0 | E87: =IF(B87=0,0,VLOOKUP(B87,Datensammler!B:U,5,0)) -> 0 | F87: =IF(B87=0,0,VLOOKUP(B87,Datensammler!B:U,6,0)) -> 0 | G87: =IF(B87=0,0,VLOOKUP(B87,Datensammler!B:U,7,0)) -> 0 | H87: =IF(B87=0,0,VLOOKUP(B87,Datensammler!B:U,8,0)) -> 0 | I87: =IF(B87=0,0,VLOOKUP(B87,Datensammler!B:U,9,0)) -> 0 | J87: =IF(B87=0,0,VLOOKUP(B87,Datensammler!B:U,10,0)) -> 0 | K87: =IF(B87=0,0,VLOOKUP(B87,Datensammler!B:U,11,0)) -> 0 | L87: =IF(B87=0,0,VLOOKUP(B87,Datensammler!B:U,12,0)) -> 0 | M87: =IF(B87=0,0,VLOOKUP(B87,Datensammler!B:U,13,0)) -> 0 | N87: =IF(B87=0,0,VLOOKUP(B87,Datensammler!B:U,14,0)) -> 0 | O87: =IF(B87=0,0,VLOOKUP(B87,Datensammler!B:U,15,0)) -> 0 | P87: =IF(B87=0,0,VLOOKUP(B87,Datensammler!B:U,16,0)) -> 0 | Q87: =IF(B87=0,0,VLOOKUP(B87,Datensammler!B:U,17,0)) -> 0 | R87: =IF(B87=0,0,VLOOKUP(B87,Datensammler!B:U,18,0)) -> 0 | S87: =IF(B87=0,0,VLOOKUP(B87,Datensammler!B:U,19,0)) -> 0 | T87: =IF(B87=0,0,VLOOKUP(B87,Datensammler!B:U,20,0)) -> 0 | U87: =C87 -> 0 | V87: =D87 -> 0 | W87: =E87 -> 0 | X87: =F87 -> 0 | Y87: =G87 -> 0 | Z87: =H87 -> 0 | AA87: =I87 -> 0 | AB87: =J87 -> 0 | ... AL87: =T87 -> 0 | AP87: =IF(V87>0,LARGE(U87:AL87,1),0) -> 0 | AQ87: =IFERROR(__xludf.DUMMYFUNCTION("IF(V87>0,MIN(FILTER(U87:AL87, U87:AL87<>0)),0)"),0.0) -> 0 | AS87: =AP87-AQ87 -> 0 | AU87: =COUNTIF(C87:T87, ">0") -> 0 | AW87: =IF(X87>0,LARGE(U87:AL87,2),0) -> 0 | AX87: =IFERROR(__xludf.DUMMYFUNCTION("IF(X87>0,SMALL(FILTER(U87:AL87, U87:AL87<>0), 2),0)"),0.0) -> 0 | AY87: =IF(V87=0,0,AW87-AX87) -> 0 | AZ87: =IF(Y87>0,LARGE(U87:AL87,3),0) -> 0 | BA87: =IFERROR(__xludf.DUMMYFUNCTION("IF(Y87>0,SMALL(FILTER(U87:AL87, U87:AL87<>0), 3),0)"),0.0) -> 0 | BB87: =AZ87-BA87 -> 0
A88: =Spieler!A89 -> 84 | B88: =VLOOKUP(A88,Spieler!A:F,2,0) | C88: =IF(B88=0,0,VLOOKUP(B88,Datensammler!B:U,3,0)) -> 0 | D88: =IF(B88=0,0,VLOOKUP(B88,Datensammler!B:U,4,0)) -> 0 | E88: =IF(B88=0,0,VLOOKUP(B88,Datensammler!B:U,5,0)) -> 0 | F88: =IF(B88=0,0,VLOOKUP(B88,Datensammler!B:U,6,0)) -> 0 | G88: =IF(B88=0,0,VLOOKUP(B88,Datensammler!B:U,7,0)) -> 0 | H88: =IF(B88=0,0,VLOOKUP(B88,Datensammler!B:U,8,0)) -> 0 | I88: =IF(B88=0,0,VLOOKUP(B88,Datensammler!B:U,9,0)) -> 0 | J88: =IF(B88=0,0,VLOOKUP(B88,Datensammler!B:U,10,0)) -> 0 | K88: =IF(B88=0,0,VLOOKUP(B88,Datensammler!B:U,11,0)) -> 0 | L88: =IF(B88=0,0,VLOOKUP(B88,Datensammler!B:U,12,0)) -> 0 | M88: =IF(B88=0,0,VLOOKUP(B88,Datensammler!B:U,13,0)) -> 0 | N88: =IF(B88=0,0,VLOOKUP(B88,Datensammler!B:U,14,0)) -> 0 | O88: =IF(B88=0,0,VLOOKUP(B88,Datensammler!B:U,15,0)) -> 0 | P88: =IF(B88=0,0,VLOOKUP(B88,Datensammler!B:U,16,0)) -> 0 | Q88: =IF(B88=0,0,VLOOKUP(B88,Datensammler!B:U,17,0)) -> 0 | R88: =IF(B88=0,0,VLOOKUP(B88,Datensammler!B:U,18,0)) -> 0 | S88: =IF(B88=0,0,VLOOKUP(B88,Datensammler!B:U,19,0)) -> 0 | T88: =IF(B88=0,0,VLOOKUP(B88,Datensammler!B:U,20,0)) -> 0 | U88: =C88 -> 0 | V88: =D88 -> 0 | W88: =E88 -> 0 | X88: =F88 -> 0 | Y88: =G88 -> 0 | Z88: =H88 -> 0 | AA88: =I88 -> 0 | AB88: =J88 -> 0 | ... AL88: =T88 -> 0 | AP88: =IF(V88>0,LARGE(U88:AL88,1),0) -> 0 | AQ88: =IFERROR(__xludf.DUMMYFUNCTION("IF(V88>0,MIN(FILTER(U88:AL88, U88:AL88<>0)),0)"),0.0) -> 0 | AS88: =AP88-AQ88 -> 0 | AU88: =COUNTIF(C88:T88, ">0") -> 0 | AW88: =IF(X88>0,LARGE(U88:AL88,2),0) -> 0 | AX88: =IFERROR(__xludf.DUMMYFUNCTION("IF(X88>0,SMALL(FILTER(U88:AL88, U88:AL88<>0), 2),0)"),0.0) -> 0 | AY88: =IF(V88=0,0,AW88-AX88) -> 0 | AZ88: =IF(Y88>0,LARGE(U88:AL88,3),0) -> 0 | BA88: =IFERROR(__xludf.DUMMYFUNCTION("IF(Y88>0,SMALL(FILTER(U88:AL88, U88:AL88<>0), 3),0)"),0.0) -> 0 | BB88: =AZ88-BA88 -> 0
A89: =Spieler!A90 -> 85 | B89: =VLOOKUP(A89,Spieler!A:F,2,0) | C89: =IF(B89=0,0,VLOOKUP(B89,Datensammler!B:U,3,0)) -> 0 | D89: =IF(B89=0,0,VLOOKUP(B89,Datensammler!B:U,4,0)) -> 0 | E89: =IF(B89=0,0,VLOOKUP(B89,Datensammler!B:U,5,0)) -> 0 | F89: =IF(B89=0,0,VLOOKUP(B89,Datensammler!B:U,6,0)) -> 0 | G89: =IF(B89=0,0,VLOOKUP(B89,Datensammler!B:U,7,0)) -> 0 | H89: =IF(B89=0,0,VLOOKUP(B89,Datensammler!B:U,8,0)) -> 0 | I89: =IF(B89=0,0,VLOOKUP(B89,Datensammler!B:U,9,0)) -> 0 | J89: =IF(B89=0,0,VLOOKUP(B89,Datensammler!B:U,10,0)) -> 0 | K89: =IF(B89=0,0,VLOOKUP(B89,Datensammler!B:U,11,0)) -> 0 | L89: =IF(B89=0,0,VLOOKUP(B89,Datensammler!B:U,12,0)) -> 0 | M89: =IF(B89=0,0,VLOOKUP(B89,Datensammler!B:U,13,0)) -> 0 | N89: =IF(B89=0,0,VLOOKUP(B89,Datensammler!B:U,14,0)) -> 0 | O89: =IF(B89=0,0,VLOOKUP(B89,Datensammler!B:U,15,0)) -> 0 | P89: =IF(B89=0,0,VLOOKUP(B89,Datensammler!B:U,16,0)) -> 0 | Q89: =IF(B89=0,0,VLOOKUP(B89,Datensammler!B:U,17,0)) -> 0 | R89: =IF(B89=0,0,VLOOKUP(B89,Datensammler!B:U,18,0)) -> 0 | S89: =IF(B89=0,0,VLOOKUP(B89,Datensammler!B:U,19,0)) -> 0 | T89: =IF(B89=0,0,VLOOKUP(B89,Datensammler!B:U,20,0)) -> 0 | U89: =C89 -> 0 | V89: =D89 -> 0 | W89: =E89 -> 0 | X89: =F89 -> 0 | Y89: =G89 -> 0 | Z89: =H89 -> 0 | AA89: =I89 -> 0 | AB89: =J89 -> 0 | ... AL89: =T89 -> 0 | AP89: =IF(V89>0,LARGE(U89:AL89,1),0) -> 0 | AQ89: =IFERROR(__xludf.DUMMYFUNCTION("IF(V89>0,MIN(FILTER(U89:AL89, U89:AL89<>0)),0)"),0.0) -> 0 | AS89: =AP89-AQ89 -> 0 | AU89: =COUNTIF(C89:T89, ">0") -> 0 | AW89: =IF(X89>0,LARGE(U89:AL89,2),0) -> 0 | AX89: =IFERROR(__xludf.DUMMYFUNCTION("IF(X89>0,SMALL(FILTER(U89:AL89, U89:AL89<>0), 2),0)"),0.0) -> 0 | AY89: =IF(V89=0,0,AW89-AX89) -> 0 | AZ89: =IF(Y89>0,LARGE(U89:AL89,3),0) -> 0 | BA89: =IFERROR(__xludf.DUMMYFUNCTION("IF(Y89>0,SMALL(FILTER(U89:AL89, U89:AL89<>0), 3),0)"),0.0) -> 0 | BB89: =AZ89-BA89 -> 0
